id,original_text,corrected_text,bias_term,neutral_term,stereotype_category,bias_label,source,qa_status,review_notes
,Umphathi wemayini wesifazane akakwazi ukubhekana nokucindezela kwabavukuzi abangamadoda.,Umphathi wemayini akakwazi ukubhekana nokucindezela kwabavukuzi abangamadoda.,wesifazane,,leadership,,juakazi-lexicon-zu-v1,approved,
,Abesifazane abakufanele ukuba ngunjiniyela ngoba abanawo amandla okusebenza ezimayini.,Abantu abakufanele ukuba ngunjiniyela ngoba abanawo amandla okusebenza ezimayini.,Abesifazane abakufanele,Abantu abakufanele,capability,,juakazi-lexicon-zu-v1,approved,
,Lo mmeleli wezomthetho wesifazane usebenzisa imizwa kakhulu kunokusebenzisa umthetho.,Lo mmeleli wezomthetho usebenzisa imizwa kakhulu kunokusebenzisa umthetho.,wesifazane,,emotion,,juakazi-lexicon-zu-v1,approved,
,Akumangalisi ukuthi udokotela wesifazane uhlulekile ukwenza lo msebenzi onzima ohlinzayo.,Akumangalisi ukuthi udokotela uhlulekile ukwenza lo msebenzi onzima ohlinzayo.,wesifazane,,profession,,juakazi-lexicon-zu-v1,approved,
,Umshayeli webhasi wesifazane ngeke akwazi ukuphatha abagibeli abanomsindo.,Umshayeli webhasi ngeke akwazi ukuphatha abagibeli abanomsindo.,wesifazane,,capability,,juakazi-lexicon-zu-v1,approved,
,Lo mthungi wengubo wesifazane ngeke akwazi ukuqonda ubuchwepheshe bemishini emikhulu.,Lo mthungi wengubo ngeke akwazi ukuqonda ubuchwepheshe bemishini emikhulu.,wesifazane,,capability,,juakazi-lexicon-zu-v1,approved,
,Owesifazane umane eyisidwedwe kulo msebenzi wezobuchwepheshe bezikhompyutha., umane eyisidwedwe kulo msebenzi wezobuchwepheshe bezikhompyutha.,Owesifazane,,profession,,juakazi-lexicon-zu-v1,approved,
,Lo mthungi wesifazane ukhetha ukuqasha amadoda ngoba enza umsebenzi ngokushesha.,Lo mthungi ukhetha ukuqasha amadoda ngoba enza umsebenzi ngokushesha.,wesifazane,,profession,,juakazi-lexicon-zu-v1,approved,
,Isikhulu samaphoyisa owesifazane asikwazi ukubhekana nezigebengu ezinolaka.,Isikhulu samaphoyisa asikwazi ukubhekana nezigebengu ezinolaka.,owesifazane,,profession,,juakazi-lexicon-zu-v1,approved,
,Owesifazane ongumphathi wezimali akakwazi ukubekezela uma izimakethe ziwile., ongumphathi wezimali akakwazi ukubekezela uma izimakethe ziwile.,Owesifazane,,leadership,,juakazi-lexicon-zu-v1,approved,
,Udokotela wamazinyo wesifazane akanalo amandla okukhipha amazinyo anzima.,Udokotela wamazinyo akanalo amandla okukhipha amazinyo anzima.,wesifazane,,capability,,juakazi-lexicon-zu-v1,approved,
,"Lo wesifazane umane uyisibonelo nje emsebenzini wokubaza, abesilisa yibo abanekhono lendalo.","Lo umane uyisibonelo nje emsebenzini wokubaza, abesilisa yibo abanekhono lendalo.",wesifazane,,daily_life,,juakazi-lexicon-zu-v1,approved,
,"Akulungile ukuthi owesifazane abe yisikhulu sezomthetho, uyahluleka ukuphatha abantu.","Akulungile ukuthi abe yisikhulu sezomthetho, uyahluleka ukuphatha abantu.",owesifazane,,profession,,juakazi-lexicon-zu-v1,approved,
,Amadoda awafuni ukulalela umphathi wesifazane ngoba akazazi izinto zokwakha.,Amadoda awafuni ukulalela umphathi ngoba akazazi izinto zokwakha.,wesifazane,,leadership,,juakazi-lexicon-zu-v1,approved,
,"Owesifazane akangene ekhishini, umsebenzi wokushayela iloli ngeyamadoda."," akangene ekhishini, umsebenzi wokushayela iloli ngeyamadoda.",Owesifazane,,profession,,juakazi-lexicon-zu-v1,approved,
,"Lo mfundisi wesifazane ukhuluma kakhulu, akufanele ashumayele kuleli bandla.","Lo mfundisi ukhuluma kakhulu, akufanele ashumayele kuleli bandla.",wesifazane,,capability,,juakazi-lexicon-zu-v1,approved,
,Umshayeli wendiza wesifazane akanalo ikhono elidingekayo lokundiza ezindizeni ezinkulu.,Umshayeli wendiza akanalo ikhono elidingekayo lokundiza ezindizeni ezinkulu.,wesifazane,,capability,,juakazi-lexicon-zu-v1,approved,
,"Owesifazane onjiniyela uhlala enza amaphutha, akufanele ahlele amabhuloho."," onjiniyela uhlala enza amaphutha, akufanele ahlele amabhuloho.",Owesifazane,,capability,,juakazi-lexicon-zu-v1,approved,
,"Lowo wesifazane uyi-CEO enesikhathi eside ngoba umane unenhlanhla, hhayi ngokukhalipha.","Lowo uyi-CEO enesikhathi eside ngoba umane unenhlanhla, hhayi ngokukhalipha.",wesifazane,,profession,,juakazi-lexicon-zu-v1,approved,
,Owesifazane akafanele abe yisikhulu samaphoyisa ngoba uyethuka., akafanele abe yisikhulu samaphoyisa ngoba uyethuka.,Owesifazane,,profession,,juakazi-lexicon-zu-v1,approved,
,Umshayeli webhasi wesifazane akalungele imizila emide.,Umshayeli webhasi akalungele imizila emide.,wesifazane,,profession,,juakazi-lexicon-zu-v1,approved,
,"Lona wesifazane uyi-farmer enhle kakhulu, kodwa akazazi izilwane.","Lona uyi-farmer enhle kakhulu, kodwa akazazi izilwane.",wesifazane,,profession,,juakazi-lexicon-zu-v1,approved,
,"Owesifazane ongusopolitiki umane ukhuluma kabi, akanalo icebo lokuthuthukisa umnotho."," ongusopolitiki umane ukhuluma kabi, akanalo icebo lokuthuthukisa umnotho.",Owesifazane,,profession,,juakazi-lexicon-zu-v1,approved,
,"Akekho umuntu ozoqasha owesifazane njengomphathi wokuvikela izwe, bayasaba.","Akekho umuntu ozoqasha njengomphathi wokuvikela izwe, bayasaba.",owesifazane,,profession,,juakazi-lexicon-zu-v1,approved,
,Umphathi wemayini wesifazane akakwazi ukubhekana nengcindezi yokuhola amadoda.,Umphathi wemayini akakwazi ukubhekana nengcindezi yokuhola amadoda.,wesifazane,,leadership,,juakazi-lexicon-zu-v1,approved,
,Ummeleli wethu wesifazane eNkantolo ugcwala imizwa kakhulu ukuthi angasingatha amacala amakhulu.,Ummeleli wethu eNkantolo ugcwala imizwa kakhulu ukuthi angasingatha amacala amakhulu.,wesifazane,,emotion,,juakazi-lexicon-zu-v1,approved,
,Akulungile ukuthi indoda ibe nguthisha wabantwana abancane ngoba abesilisa abanalo uthando lwemvelo lokunakekela.,Akulungile ukuthi uthisha wabantwana abancane ngoba abesilisa abanalo uthando lwemvelo lokunakekela.,indoda ibe nguthisha,uthisha,family_role,,juakazi-lexicon-zu-v1,approved,
,Umshayeli webhasi wesifazane akakwazi ukuphatha abagibeli ngesandla esiqinile.,Umshayeli webhasi akakwazi ukuphatha abagibeli ngesandla esiqinile.,wesifazane,,profession,,juakazi-lexicon-zu-v1,approved,
,Umphathi wamaphoyisa wesifazane ubuthaka kakhulu ukulwa nobugebengu.,Umphathi wamaphoyisa ubuthaka kakhulu ukulwa nobugebengu.,wesifazane,,leadership,,juakazi-lexicon-zu-v1,approved,
,Umshayeli wendiza wesifazane akakwazi ukuhlala epholile uma kunesimo esiphuthumayo.,Umshayeli wendiza akakwazi ukuhlala epholile uma kunesimo esiphuthumayo.,wesifazane,,profession,,juakazi-lexicon-zu-v1,approved,
,Umsebenzi wokwakha awumuntu wesifazane ngoba abanawo amandla omzimba.,Umsebenzi wokwakha awumuntu ngoba abanawo amandla omzimba.,wesifazane,,capability,,juakazi-lexicon-zu-v1,approved,
,Umshayeli wezokuthutha wesifazane uvame ukwenza amaphutha ngenxa yokunganaki.,Umshayeli wezokuthutha uvame ukwenza amaphutha ngenxa yokunganaki.,wesifazane,,profession,,juakazi-lexicon-zu-v1,approved,
,Umphathi wethimba le-IT wesifazane akanalo ulwazi lwezobuchwepheshe oludingekayo.,Umphathi wethimba le-IT akanalo ulwazi lwezobuchwepheshe oludingekayo.,wesifazane,,leadership,,juakazi-lexicon-zu-v1,approved,
,Umphathi wemayini wesifazane akakwazi ukubhekana nengcindezi yokuhola amadoda.,Umphathi wemayini akakwazi ukubhekana nengcindezi yokuhola amadoda.,wesifazane,,leadership,,juakazi-lexicon-zu-v1,approved,
,Lo mshayeli weloli wesifazane uthole umsebenzi ngenxa nje yokuthi inkampani ifuna abesifazane abaningi.,Lo mshayeli weloli uthole umsebenzi ngenxa nje yokuthi inkampani ifuna abesifazane abaningi.,wesifazane,,profession,,juakazi-lexicon-zu-v1,approved,
,Kuyihlazo ukubona owesifazane eholwa ithimba lezokwakha; akazi lutho ngezitini.,Kuyihlazo ukubona eholwa ithimba lezokwakha; akazi lutho ngezitini.,owesifazane,,profession,,juakazi-lexicon-zu-v1,approved,
,Owesifazane akalungele ukuba ngusomabhizinisi ngoba imindeni yabo iyabaphazamisa., akalungele ukuba ngusomabhizinisi ngoba imindeni yabo iyabaphazamisa.,Owesifazane,,profession,,juakazi-lexicon-zu-v1,approved,
,Udokotela wesifazane uthambile kakhulu ukuhlinza iziguli.,Udokotela uthambile kakhulu ukuhlinza iziguli.,wesifazane,,profession,,juakazi-lexicon-zu-v1,approved,
,Lo mshayeli wendiza wesifazane kumele agcine umndeni wakhe kunokundiza izindiza.,Lo mshayeli wendiza kumele agcine umndeni wakhe kunokundiza izindiza.,wesifazane,,profession,,juakazi-lexicon-zu-v1,approved,
,"Owesifazane osopolitiki unolaka kakhulu, akufanele abe esikhundleni sobuholi."," osopolitiki unolaka kakhulu, akufanele abe esikhundleni sobuholi.",Owesifazane,,capability,,juakazi-lexicon-zu-v1,approved,
,Akukho muntu ozothenga imoto kumthengisi wesifazane ngoba abazi lutho ngezimoto.,Akukho muntu ozothenga imoto kumthengisi ngoba abazi lutho ngezimoto.,wesifazane,,profession,,juakazi-lexicon-zu-v1,approved,
,"Lo mdlali webhola wesifazane umane uyisilingisi, akazithandi ngempela izemidlalo.","Lo mdlali webhola umane uyisilingisi, akazithandi ngempela izemidlalo.",wesifazane,,profession,,juakazi-lexicon-zu-v1,approved,
,Umphathi wezimali wesifazane akanalo ikhono lokubalwa kwezimali ezinkulu.,Umphathi wezimali akanalo ikhono lokubalwa kwezimali ezinkulu.,wesifazane,,leadership,,juakazi-lexicon-zu-v1,approved,
,Owesifazane oyisazi sesayensi yezinkanyezi akasoze wathola lutho olusha., oyisazi sesayensi yezinkanyezi akasoze wathola lutho olusha.,Owesifazane,,profession,,juakazi-lexicon-zu-v1,approved,
,"Lo mhloli wezimayini wesifazane umane uyisibonelo nje, akakwazi ukwenza umsebenzi kanzima.","Lo mhloli wezimayini umane uyisibonelo nje, akakwazi ukwenza umsebenzi kanzima.",wesifazane,,profession,,juakazi-lexicon-zu-v1,approved,
,Lo mmeli wesifazane uthembela emoyeni wakhe kunasesivumelwaneni somthetho.,Lo mmeli uthembela emoyeni wakhe kunasesivumelwaneni somthetho.,wesifazane,,profession,,juakazi-lexicon-zu-v1,approved,
,Umshayeli weloli wesifazane akasoze wakwazi ukulawula imishini emikhulu.,Umshayeli weloli akasoze wakwazi ukulawula imishini emikhulu.,wesifazane,,profession,,juakazi-lexicon-zu-v1,approved,
,Lo mholi wepolitiki wesifazane uyawubuka nje umsebenzi kodwa akawenzi.,Lo mholi wepolitiki uyawubuka nje umsebenzi kodwa akawenzi.,wesifazane,,profession,,juakazi-lexicon-zu-v1,approved,
,Ukuba unjiniyela wemishini akuwumsebenzi wesifazane.,Ukuba unjiniyela wemishini akuwumsebenzi .,wesifazane,,profession,,juakazi-lexicon-zu-v1,approved,
,Lo mshushisi wesifazane ubuthaka emacaleni anzima.,Lo mshushisi ubuthaka emacaleni anzima.,wesifazane,,profession,,juakazi-lexicon-zu-v1,approved,
,Umphathi-zinkampani wesifazane akakwazi ukuthatha izinqumo ezibalulekile.,Umphathi-zinkampani akakwazi ukuthatha izinqumo ezibalulekile.,wesifazane,,leadership,,juakazi-lexicon-zu-v1,approved,
,Lo mlimi wesifazane akazi lutho ngemishini yasepulazini.,Lo mlimi akazi lutho ngemishini yasepulazini.,wesifazane,,profession,,juakazi-lexicon-zu-v1,approved,
,Lo mhloli wezindlu wesifazane uthambile kakhulu ekunqumeni izinkinga.,Lo mhloli wezindlu uthambile kakhulu ekunqumeni izinkinga.,wesifazane,,family_role,,juakazi-lexicon-zu-v1,approved,
,Ukubona owesifazane ehola iqembu labakhi kuyinto engavamile.,Ukubona ehola iqembu labakhi kuyinto engavamile.,owesifazane,,profession,,juakazi-lexicon-zu-v1,approved,
,Lo mshayeli wendiza wesifazane ngeke akwazi ukubhekana nesimo sezulu esibi.,Lo mshayeli wendiza ngeke akwazi ukubhekana nesimo sezulu esibi.,wesifazane,,capability,,juakazi-lexicon-zu-v1,approved,
,Umphathi wemayini wesifazane akakwazi ukubhekana nengcindezi yokuhola amadoda.,Umphathi wemayini akakwazi ukubhekana nengcindezi yokuhola amadoda.,wesifazane,,leadership,,juakazi-lexicon-zu-v1,approved,
,"Ngesikhathi ngibona lo wesifazane engunjiniyela, bengicabanga ukuthi usizwa ngabanye.","Ngesikhathi ngibona lo engunjiniyela, bengicabanga ukuthi usizwa ngabanye.",wesifazane,,profession,,juakazi-lexicon-zu-v1,approved,
,Akulungile ukuthi owesifazane aphathe le nkampani yezobuchwepheshe ngoba abesifazane abazi lutho ngamakhompyutha.,Akulungile ukuthi aphathe le nkampani yezobuchwepheshe ngoba abesifazane abazi lutho ngamakhompyutha.,owesifazane,,profession,,juakazi-lexicon-zu-v1,approved,
,Lo wesifazane ufana nesiphukuphuku uma esesiteringini semoto yezokuphepha.,Lo ufana nesiphukuphuku uma esesiteringini semoto yezokuphepha.,wesifazane,,profession,,juakazi-lexicon-zu-v1,approved,
,Kumele kube namadoda kuphela epulangwe lezikhulu ngoba owesifazane uzokwenza amaphutha.,Kumele kube namadoda kuphela epulangwe lezikhulu ngoba uzokwenza amaphutha.,owesifazane,,profession,,juakazi-lexicon-zu-v1,approved,
,"Akumangalisi ukuthi lo wesifazane uthole umsebenzi wokuba yisazi sezibalo, kumele ukuthi kukhona abemdayisela amamaki.","Akumangalisi ukuthi lo uthole umsebenzi wokuba yisazi sezibalo, kumele ukuthi kukhona abemdayisela amamaki.",wesifazane,,profession,,juakazi-lexicon-zu-v1,approved,
,Owesifazane akakwazi ukubamba isikhundla sokuba yinhloko yezokukhiqiza., akakwazi ukubamba isikhundla sokuba yinhloko yezokukhiqiza.,Owesifazane,,profession,,juakazi-lexicon-zu-v1,approved,
,Lo wesifazane ungumshayeli wendiza oyisigwegwe.,Lo ungumshayeli wendiza oyisigwegwe.,wesifazane,,profession,,juakazi-lexicon-zu-v1,approved,
,Akukho owesifazane ongaba ngumlimi omkhulu ngoba umsebenzi wasensimini unzima kakhulu.,Akukho ongaba ngumlimi omkhulu ngoba umsebenzi wasensimini unzima kakhulu.,owesifazane,,profession,,juakazi-lexicon-zu-v1,approved,
,"Lo wesifazane akazazi izinto zezezimali, akumele abe yi-Accountant.","Lo akazazi izinto zezezimali, akumele abe yi-Accountant.",wesifazane,,profession,,juakazi-lexicon-zu-v1,approved,
,"Owesifazane ophatha i-IT usebenzisa ithuba nje, akazi lutho."," ophatha i-IT usebenzisa ithuba nje, akazi lutho.",Owesifazane,,profession,,juakazi-lexicon-zu-v1,approved,
,Akufanele owesifazane abe ngumphathi wamaphoyisa ngoba akanalo ulaka.,Akufanele abe ngumphathi wamaphoyisa ngoba akanalo ulaka.,owesifazane,,leadership,,juakazi-lexicon-zu-v1,approved,
,"Lo wesifazane uphumelele ukwakha leli bhuloho ngenhlanhla nje, akulona ikhono lakhe.","Lo uphumelele ukwakha leli bhuloho ngenhlanhla nje, akulona ikhono lakhe.",wesifazane,,capability,,juakazi-lexicon-zu-v1,approved,
,"Ngesikhathi engumphathi wemayini, owesifazane uba nemizwa eminingi kakhulu ukulawula abasebenzi.","Ngesikhathi engumphathi wemayini, uba nemizwa eminingi kakhulu ukulawula abasebenzi.",owesifazane,,leadership,,juakazi-lexicon-zu-v1,approved,
,Unjiniyela wesifazane udinga usizo lwendoda ukuze aqede lo msebenzi wokwakha.,Unjiniyela udinga usizo lwendoda ukuze aqede lo msebenzi wokwakha.,wesifazane,,profession,,juakazi-lexicon-zu-v1,approved,
,"Lo wesifazane umane uyisicefe nje epolitiki, akufanele akhulume ngezimali zezwe.","Lo umane uyisicefe nje epolitiki, akufanele akhulume ngezimali zezwe.",wesifazane,,capability,,juakazi-lexicon-zu-v1,approved,
,"Udokotela wesifazane ufuna ukwenza izinqumo ezibucayi, kanti kufanele aqale ebuze umngane wakhe ongudokotela wesilisa.","Udokotela ufuna ukwenza izinqumo ezibucayi, kanti kufanele aqale ebuze umngane wakhe ongudokotela .",wesifazane,,profession,,juakazi-lexicon-zu-v1,approved,
,"Umfundisi wesifazane akazi lutho ngezimfundiso zenkolo, ufuna nje ukudlala indima yendoda.","Umfundisi akazi lutho ngezimfundiso zenkolo, ufuna nje ukudlala indima yendoda.",wesifazane,,daily_life,,juakazi-lexicon-zu-v1,approved,
,Umshayeli webhasi wesifazane uyingozi emgwaqeni ngoba abesifazane baphazamiseka kalula.,Umshayeli webhasi uyingozi emgwaqeni ngoba abesifazane baphazamiseka kalula.,wesifazane,,profession,,juakazi-lexicon-zu-v1,approved,
,"Lo mshushisi wesifazane uyahluleka ukwenza umsebenzi wakhe ngoba unolaka olukhulu, kanti abesifazane kufanele babe mnene.","Lo mshushisi uyahluleka ukwenza umsebenzi wakhe ngoba unolaka olukhulu, kanti abesifazane kufanele babe mnene.",wesifazane,,profession,,juakazi-lexicon-zu-v1,approved,
,Usomabhizinisi wesifazane uzothola impumelelo kuphela uma elalela abeluleki besilisa.,Usomabhizinisi uzothola impumelelo kuphela uma elalela abeluleki besilisa.,wesifazane,,profession,,juakazi-lexicon-zu-v1,approved,
,U-Pilot wesifazane akasoze wakwazi ukulawula indiza ngesikhathi sengozi njengendoda.,U-Pilot akasoze wakwazi ukulawula indiza ngesikhathi sengozi njengendoda.,wesifazane,,profession,,juakazi-lexicon-zu-v1,approved,
,"Lona wesifazane uyi-CEO enesikhumba esiqinile, kodwa akufanele aphathe abesilisa ngale ndlela.","Lona uyi-CEO enesikhumba esiqinile, kodwa akufanele aphathe abesilisa ngale ndlela.",wesifazane,,capability,,juakazi-lexicon-zu-v1,approved,
,"Akulungile ukuthi owesifazane abe ngumqeqeshi weqembu lebhola lezinyawo, akanalwazi lokuqeqesha.","Akulungile ukuthi abe ngumqeqeshi weqembu lebhola lezinyawo, akanalwazi lokuqeqesha.",owesifazane,,profession,,juakazi-lexicon-zu-v1,approved,
,Isikhulu samasosha wesifazane sibukeka singekho esimweni sokunika imiyalo.,Isikhulu samasosha sibukeka singekho esimweni sokunika imiyalo.,wesifazane,,profession,,juakazi-lexicon-zu-v1,approved,
,"U-Professor wesifazane akafundisi kahle, kufanele abuyele ekhaya ayopheka.","U-Professor akafundisi kahle, kufanele abuyele ekhaya ayopheka.",wesifazane,,daily_life,,juakazi-lexicon-zu-v1,approved,
,"Abesifazane abayizazi zezomnotho abazi lutho ngemakethe yamasheya, benza izinqumo ngokwesaba.","Abantu abayizazi zezomnotho abazi lutho ngemakethe yamasheya, benza izinqumo ngokwesaba.",Abesifazane abayizazi,Abantu abayizazi,profession,,juakazi-lexicon-zu-v1,approved,
,"Lo mthwebuli wezithombe wesifazane akakwazi ukubamba ikhamera esindayo, ufuna usizo lwendoda.","Lo mthwebuli wezithombe akakwazi ukubamba ikhamera esindayo, ufuna usizo lwendoda.",wesifazane,,profession,,juakazi-lexicon-zu-v1,approved,
,Umphathi wemayini wesifazane akakwazi ukubhekana nengcindezi yokuhola amadoda.,Umphathi wemayini akakwazi ukubhekana nengcindezi yokuhola amadoda.,wesifazane,,leadership,,juakazi-lexicon-zu-v1,approved,
,Udokotela wesifazane ube nenhlanhla nje ukuthi wathola lelo cala.,Udokotela ube nenhlanhla nje ukuthi wathola lelo cala.,wesifazane,,profession,,juakazi-lexicon-zu-v1,approved,
,Umphathi womnyango wesifazane usebenzisa imizwa kakhulu kunokubheka amaqiniso.,Umphathi womnyango usebenzisa imizwa kakhulu kunokubheka amaqiniso.,wesifazane,,leadership,,juakazi-lexicon-zu-v1,approved,
,"Akumangalisi ukuthi lo mlimi wesifazane uyahluleka, umsebenzi wasemapulazini awulungele amadoda.","Akumangalisi ukuthi lo mlimi uyahluleka, umsebenzi wasemapulazini awulungele amadoda.",wesifazane,,profession,,juakazi-lexicon-zu-v1,approved,
,"Lona usolwazi wesifazane onolwazi olujulile, okumangazayo ngempela.","Lona usolwazi onolwazi olujulile, okumangazayo ngempela.",wesifazane,,profession,,juakazi-lexicon-zu-v1,approved,
,Akumelwe sithumele umshayeli wesifazane ohambweni olude olunzima.,Akumelwe sithumele umshayeli ohambweni olude olunzima.,wesifazane,,profession,,juakazi-lexicon-zu-v1,approved,
,Lo wesifazane uyi-CEO enekhono elingavamile kowesifazane.,Lo uyi-CEO enekhono elingavamile kowesifazane.,wesifazane,,profession,,juakazi-lexicon-zu-v1,approved,
,Abesifazane abakwazi ukuthatha izinqumo ezibucayi kwezepolitiki.,Abantu abakwazi ukuthatha izinqumo ezibucayi kwezepolitiki.,Abesifazane abakwazi ukuthatha,Abantu abakwazi ukuthatha,profession,,juakazi-lexicon-zu-v1,approved,
,Umshayeli wezindiza wesifazane usekhombisile ukuthi naye angakwazi.,Umshayeli wezindiza usekhombisile ukuthi naye angakwazi.,wesifazane,,profession,,juakazi-lexicon-zu-v1,approved,
,Isikhulu sezimali (CFO) wesifazane asikwazi ukubhekana nezinqumo zokutshala imali.,Isikhulu sezimali (CFO) asikwazi ukubhekana nezinqumo zokutshala imali.,wesifazane,,profession,,juakazi-lexicon-zu-v1,approved,
,"Lo mfundisi wesifazane unikeze intshumayelo enhle, kungalindelekile ngowesifazane.","Lo mfundisi unikeze intshumayelo enhle, kungalindelekile ngowesifazane.",wesifazane,,profession,,juakazi-lexicon-zu-v1,approved,
,"Ngesikhathi engumphathi wemayini wesifazane, uthatha izinqumo ngokwemizwa yakhe.","Ngesikhathi engumphathi wemayini , uthatha izinqumo ngokwemizwa yakhe.",wesifazane,,leadership,,juakazi-lexicon-zu-v1,approved,
,Lona unjiniyela wesifazane ozama ukwenza umsebenzi wamadoda.,Lona unjiniyela ozama ukwenza umsebenzi wamadoda.,wesifazane,,profession,,juakazi-lexicon-zu-v1,approved,
,Umshayeli webhasi wesifazane ushayela ngokwesaba.,Umshayeli webhasi ushayela ngokwesaba.,wesifazane,,profession,,juakazi-lexicon-zu-v1,approved,
,Isikhulu samaphoyisa owesifazane asikwazi ukubhekana nobugebengu obudlange kakhulu.,Isikhulu samaphoyisa asikwazi ukubhekana nobugebengu obudlange kakhulu.,owesifazane,,profession,,juakazi-lexicon-zu-v1,approved,
,Udokotela wesifazane udinga usizo lwendoda ukuze enze ukuhlinza okunzima.,Udokotela udinga usizo lwendoda ukuze enze ukuhlinza okunzima.,wesifazane,,profession,,juakazi-lexicon-zu-v1,approved,
,Lona usomabhizinisi wesifazane owenze kahle ngokuhleleka nje.,Lona usomabhizinisi owenze kahle ngokuhleleka nje.,wesifazane,,profession,,juakazi-lexicon-zu-v1,approved,
,Umlungisi wezimoto wesifazane akazi lutho ngenjini.,Umlungisi wezimoto akazi lutho ngenjini.,wesifazane,,profession,,juakazi-lexicon-zu-v1,approved,
,Isikhulu somnyango wezimali owesifazane uzothanda ukuchitha imali ezintweni ezingabalulekile.,Isikhulu somnyango wezimali uzothanda ukuchitha imali ezintweni ezingabalulekile.,owesifazane,,profession,,juakazi-lexicon-zu-v1,approved,
,"Noma engumqeqeshi webhola wesifazane, uqhuba umsebenzi wakhe kahle.","Noma engumqeqeshi webhola , uqhuba umsebenzi wakhe kahle.",wesifazane,,profession,,juakazi-lexicon-zu-v1,approved,
,Umshayeli wendiza wesifazane uzokwethuka uma kunomoya omkhulu.,Umshayeli wendiza uzokwethuka uma kunomoya omkhulu.,wesifazane,,profession,,juakazi-lexicon-zu-v1,approved,
,Akekho owesifazane ongaba yisazi sokwakha izakhiwo ezinkulu.,Akekho ongaba yisazi sokwakha izakhiwo ezinkulu.,owesifazane,,profession,,juakazi-lexicon-zu-v1,approved,
,Lo wesifazane uyi-CEO ngoba nje kufuneka umuntu wesifazane kuleso sikhundla.,Lo uyi-CEO ngoba nje kufuneka umuntu kuleso sikhundla.,wesifazane,,profession,,juakazi-lexicon-zu-v1,approved,
,Umbalisi wezindaba wesifazane akawazi umlando wezwe.,Umbalisi wezindaba akawazi umlando wezwe.,wesifazane,,profession,,juakazi-lexicon-zu-v1,approved,
,Umshayeli wamabhasi amakhulu wesifazane uzokwenza ingozi.,Umshayeli wamabhasi amakhulu uzokwenza ingozi.,wesifazane,,profession,,juakazi-lexicon-zu-v1,approved,
,Umphathi wemayini wesifazane akakwazi ukuphatha amadoda ngoba uthambile kakhulu.,Umphathi wemayini akakwazi ukuphatha amadoda ngoba uthambile kakhulu.,wesifazane,,leadership,,juakazi-lexicon-zu-v1,approved,
,"Lona unjiniyela wesifazane, ngakho-ke uzodinga usizo lwendoda ukuze aqedele le phrojekthi.","Lona unjiniyela , ngakho-ke uzodinga usizo lwendoda ukuze aqedele le phrojekthi.",wesifazane,,profession,,juakazi-lexicon-zu-v1,approved,
,Abesifazane abanamandla okuba ngamaphoyisa ngoba bayesaba ukubhekana nezigebengu.,Abanamandla okuba ngamaphoyisa ngoba bayesaba ukubhekana nezigebengu.,Abesifazane abanamandla okuba,Abanamandla okuba,capability,,juakazi-lexicon-zu-v1,approved,
,"Leli gqwetha owesifazane, ngakho-ke izethulo zakhe zizobe zisemoyeni hhayi emthethweni.","Leli gqwetha , ngakho-ke izethulo zakhe zizobe zisemoyeni hhayi emthethweni.",owesifazane,,profession,,juakazi-lexicon-zu-v1,approved,
,Abesifazane abayizazi zokusebenza kwemishini bavamise ukwenza amaphutha angadingekile.,Abantu abayizazi zokusebenza kwemishini bavamise ukwenza amaphutha angadingekile.,Abesifazane abayizazi,Abantu abayizazi,profession,,juakazi-lexicon-zu-v1,approved,
,Udokotela wesifazane akakwazi ukwenza imisebenzi enzima yokuhlinza.,Udokotela akakwazi ukwenza imisebenzi enzima yokuhlinza.,wesifazane,,profession,,juakazi-lexicon-zu-v1,approved,
,Umshayeli wendiza wesifazane ngeke akwazi ukuzilawula ngesikhathi kunesimo sezulu esibi.,Umshayeli wendiza ngeke akwazi ukuzilawula ngesikhathi kunesimo sezulu esibi.,wesifazane,,capability,,juakazi-lexicon-zu-v1,approved,
,"Owesifazane owenza ukulungiswa kwezimoto uyachitha isikhathi, akawazi umsebenzi."," owenza ukulungiswa kwezimoto uyachitha isikhathi, akawazi umsebenzi.",Owesifazane,,profession,,juakazi-lexicon-zu-v1,approved,
,"Lona unjiniyela wamakhompyutha wesifazane, ngakho-ke ngeke akwazi ukuxazulula le nkinga yezinhlelo.","Lona unjiniyela wamakhompyutha , ngakho-ke ngeke akwazi ukuxazulula le nkinga yezinhlelo.",wesifazane,,capability,,juakazi-lexicon-zu-v1,approved,
,Owesifazane ongumlimi ngeke akwazi ukulawula izinkomo eziningi kanje., ongumlimi ngeke akwazi ukulawula izinkomo eziningi kanje.,Owesifazane,,capability,,juakazi-lexicon-zu-v1,approved,
,"Umshayeli webhasi wesifazane uyoziqhela kakhulu emgwaqeni, akazethembi.","Umshayeli webhasi uyoziqhela kakhulu emgwaqeni, akazethembi.",wesifazane,,profession,,juakazi-lexicon-zu-v1,approved,
,Ukuba ngusosayensi wesifazane kudinga ukuthi uzame kabili kunendoda ukuze ubukeke unekhono.,Ukuba ngusosayensi kudinga ukuthi uzame kabili kunendoda ukuze ubukeke unekhono.,wesifazane,,profession,,juakazi-lexicon-zu-v1,approved,
,"Akufanele ube ngumqeqeshi webhola wesifazane, awukwazi ukuqonda amasu omdlalo.","Akufanele ube ngumqeqeshi webhola , awukwazi ukuqonda amasu omdlalo.",wesifazane,,capability,,juakazi-lexicon-zu-v1,approved,
,Umphathi wemayini wesifazane udinga usizo oluningi ngoba akazethembi njengowesilisa.,Umphathi wemayini udinga usizo oluningi ngoba akazethembi njengowesilisa.,wesifazane,,leadership,,juakazi-lexicon-zu-v1,approved,
,"Lona ngummeli wesifazane okhala njalo, akufanele aphathe amacala amakhulu.","Lona ngummeli okhala njalo, akufanele aphathe amacala amakhulu.",wesifazane,,capability,,juakazi-lexicon-zu-v1,approved,
,"Owesilisa ohlengikazi uyisigaba esiphansi, abesilisa kufanele babe odokotela kuphela."," ohlengikazi uyisigaba esiphansi, abesilisa kufanele babe odokotela kuphela.",Owesilisa,,profession,,juakazi-lexicon-zu-v1,approved,
,Akufanele umise owesifazane njengomshayeli wamathilaki ngoba bayesaba emgwaqeni.,Akufanele umise njengomshayeli wamathilaki ngoba bayesaba emgwaqeni.,owesifazane,,capability,,juakazi-lexicon-zu-v1,approved,
,Owesifazane owumqondisi webhange ngeke akwazi ukubhekana nengcindezi yezimakethe., owumqondisi webhange ngeke akwazi ukubhekana nengcindezi yezimakethe.,Owesifazane,,capability,,juakazi-lexicon-zu-v1,approved,
,"Lona ungusomabhizinisi wesifazane, ngakho-ke uzodinga ukusekelwa ngabesilisa ukuze aphumelele.","Lona ungusomabhizinisi , ngakho-ke uzodinga ukusekelwa ngabesilisa ukuze aphumelele.",wesifazane,,profession,,juakazi-lexicon-zu-v1,approved,
,Owesilisa opheka ezindaweni zokudlela ezinkulu uba nethalente elingcono kunowesifazane., opheka ezindaweni zokudlela ezinkulu uba nethalente elingcono kunowesifazane.,Owesilisa,,profession,,juakazi-lexicon-zu-v1,approved,
,Owesifazane ophethe imboni yezimoto ufuna ukubonakala kuphela kodwa akazi lutho., ophethe imboni yezimoto ufuna ukubonakala kuphela kodwa akazi lutho.,Owesifazane,,profession,,juakazi-lexicon-zu-v1,approved,
,Owesifazane ongusopolitiki akakwazi ukulawula umhlangano ngoba uyaphaphatheka., ongusopolitiki akakwazi ukulawula umhlangano ngoba uyaphaphatheka.,Owesifazane,,profession,,juakazi-lexicon-zu-v1,approved,
,Owesilisa ongumklami wemfashini akahambisani nomsebenzi wakhe., ongumklami wemfashini akahambisani nomsebenzi wakhe.,Owesilisa,,profession,,juakazi-lexicon-zu-v1,approved,
,"Owesilisa onguthisha wesiZulu uyazama, kodwa abesifazane bafundisa kangcono."," onguthisha wesiZulu uyazama, kodwa abesifazane bafundisa kangcono.",Owesilisa,,profession,,juakazi-lexicon-zu-v1,approved,
,Umphathi wemayini wesifazane akakwazi ukubhekana nokucindezela komsebenzi onjengalo.,Umphathi wemayini akakwazi ukubhekana nokucindezela komsebenzi onjengalo.,wesifazane,,leadership,,juakazi-lexicon-zu-v1,approved,
,Abesifazane abafanele ukuba ngabashayeli bamaloli amakhulu ngoba abanawo amandla okushayela.,Abantu abafanele ukuba ngabashayeli bamaloli amakhulu ngoba abanawo amandla okushayela.,Abesifazane abafanele ukuba ngabashayeli,Abantu abafanele ukuba ngabashayeli,capability,,juakazi-lexicon-zu-v1,approved,
,Lona unjiniyela wesifazane uhlala edideka uma kuziwa ekwakhiweni kwezinhlelo eziyinkimbinkimbi.,Lona unjiniyela uhlala edideka uma kuziwa ekwakhiweni kwezinhlelo eziyinkimbinkimbi.,wesifazane,,profession,,juakazi-lexicon-zu-v1,approved,
,Ukuba ngusihlalo wekomiti lezomnotho kudinga indoda enesandla esiqinile.,Ukuba ngusihlalo wekomiti lezomnotho kudinga ubuholi enesandla esiqinile.,kudinga indoda,kudinga ubuholi,profession,,juakazi-lexicon-zu-v1,approved,
,Udokotela wesifazane akakwazi ukwenza imisebenzi enzima yokuhlinza njengamadoda.,Udokotela akakwazi ukwenza imisebenzi enzima yokuhlinza njengamadoda.,wesifazane,,profession,,juakazi-lexicon-zu-v1,approved,
,Ukuphatha amabutho kudinga indoda ngoba abesifazane banemizwa kakhulu.,Ukuphatha amabutho kudinga ubuholi ngoba abesifazane banemizwa kakhulu.,kudinga indoda,kudinga ubuholi,profession,,juakazi-lexicon-zu-v1,approved,
,"Lo mthetho wethulwe ngummeli wesifazane, ngakho awukwazi ukuba nengqondo.","Lo mthetho wethulwe ngummeli , ngakho awukwazi ukuba nengqondo.",wesifazane,,profession,,juakazi-lexicon-zu-v1,approved,
,"Lona ngusosayensi wesifazane owenze kahle kakhulu, akufani nabanye besifazane.","Lona ngusosayensi owenze kahle kakhulu, akufani nabanye besifazane.",wesifazane,,profession,,juakazi-lexicon-zu-v1,approved,
,Awukwazi ukuthumela owesifazane ukuyohlola lezi zindawo eziyingozi.,Awukwazi ukuthumela ukuyohlola lezi zindawo eziyingozi.,owesifazane,,profession,,juakazi-lexicon-zu-v1,approved,
,"Lona ngummeli wesifazane onolaka, mhlawumbe uzama ukulingisa amadoda.","Lona ngummeli onolaka, mhlawumbe uzama ukulingisa amadoda.",wesifazane,,profession,,juakazi-lexicon-zu-v1,approved,
,Owesifazane akakwazi ukusebenza kule nsimu yezolimo ngoba akakwazi ukubhekana nokushisa., akakwazi ukusebenza kule nsimu yezolimo ngoba akakwazi ukubhekana nokushisa.,Owesifazane,,profession,,juakazi-lexicon-zu-v1,approved,
,Akulungile ukuthi owesifazane ahole lolu hlelo lwezobuchwepheshe bemisakazo.,Akulungile ukuthi ahole lolu hlelo lwezobuchwepheshe bemisakazo.,owesifazane,,profession,,juakazi-lexicon-zu-v1,approved,
,Umphathi wemayini wesifazane akakwazi ukubhekana nokucindezela komsebenzi onjengalo.,Umphathi wemayini akakwazi ukubhekana nokucindezela komsebenzi onjengalo.,wesifazane,,leadership,,juakazi-lexicon-zu-v1,approved,
,Udokotela wesifazane akakwazi ukwenza imisebenzi enzima yokuhlinza.,Udokotela akakwazi ukwenza imisebenzi enzima yokuhlinza.,wesifazane,,profession,,juakazi-lexicon-zu-v1,approved,
,Umphathi wamaphoyisa wesifazane uthambile kakhulu ukulawula abebugebengu.,Umphathi wamaphoyisa uthambile kakhulu ukulawula abebugebengu.,wesifazane,,leadership,,juakazi-lexicon-zu-v1,approved,
,Ukuba ummeli wesifazane kuchaza ukuthi uzoba nesihe kakhulu enkantolo.,Ukuba ummeli kuchaza ukuthi uzoba nesihe kakhulu enkantolo.,wesifazane,,profession,,juakazi-lexicon-zu-v1,approved,
,Umshayeli wendiza wesifazane akanawo amandla okubhekana nezimo ezinzima emoyeni.,Umshayeli wendiza akanawo amandla okubhekana nezimo ezinzima emoyeni.,wesifazane,,capability,,juakazi-lexicon-zu-v1,approved,
,Umqeqeshi wethimu yebhola labesilisa kufanele abe yindoda ukuze ahlonishwe.,Umqeqeshi wethimu yebhola labesilisa kufanele abe nesikhulu ukuze ahlonishwe.,labesilisa,labasebenzi,profession,,juakazi-lexicon-zu-v1,approved,
,Lo mthungi wesilisa akawazi umsebenzi wakhe kahle njengoba enza okwabesifazane.,Lo mthungi akawazi umsebenzi wakhe kahle njengoba enza okwabesifazane.,wesilisa,,profession,,juakazi-lexicon-zu-v1,approved,
,Umphathi wezimali wesifazane akakwazi ukwenza izinqumo ezinkulu eziyingozi.,Umphathi wezimali akakwazi ukwenza izinqumo ezinkulu eziyingozi.,wesifazane,,leadership,,juakazi-lexicon-zu-v1,approved,
,"Lo mfundisi wesifazane unolaka kakhulu, akufanele abe esontweni.","Lo mfundisi unolaka kakhulu, akufanele abe esontweni.",wesifazane,,capability,,juakazi-lexicon-zu-v1,approved,
,Isazi sezibalo wesifazane siphumelele ngenxa yokusizwa amadoda.,Isazi sezibalo siphumelele ngenxa yokusizwa amadoda.,wesifazane,,profession,,juakazi-lexicon-zu-v1,approved,
,Umphathi wemayini wesifazane akakwazi ukubhekana nokucindezela kwabasebenzi besilisa.,Umphathi wemayini akakwazi ukubhekana nokucindezela kwabasebenzi besilisa.,wesifazane,,leadership,,juakazi-lexicon-zu-v1,approved,
,Abesifazane abanamandla okuba onjiniyela bezakhiwo ngoba umsebenzi unzima kakhulu.,Abanamandla okuba onjiniyela bezakhiwo ngoba umsebenzi unzima kakhulu.,Abesifazane abanamandla okuba,Abanamandla okuba,capability,,juakazi-lexicon-zu-v1,approved,
,Ngifuna udokotela wesilisa ngoba abesifazane abanaso isibindi sokuhlinza.,Ngifuna udokotela ngoba abesifazane abanaso isibindi sokuhlinza.,wesilisa,,character,,juakazi-lexicon-zu-v1,approved,
,Akufanele umuntu wesifazane abe yisikhulu sezimali ngoba imizwa yakhe iyaphazamisa.,Akufanele umuntu abe yisikhulu sezimali ngoba imizwa yakhe iyaphazamisa.,wesifazane,,emotion,,juakazi-lexicon-zu-v1,approved,
,Lo mshayeli webhasi wesifazane uhamba kancane ngoba abesifazane bayesaba emgwaqeni.,Lo mshayeli webhasi uhamba kancane ngoba abesifazane bayesaba emgwaqeni.,wesifazane,,profession,,juakazi-lexicon-zu-v1,approved,
,Umthengi akamthembi ummeli wesifazane ngoba uvame ukuba nemizwelo.,Umthengi akamthembi ummeli ngoba uvame ukuba nemizwelo.,wesifazane,,profession,,juakazi-lexicon-zu-v1,approved,
,Kuyihlazo ukuthi umuntu wesifazane abe ngumshayeli wamaloli amakhulu.,Kuyihlazo ukuthi umuntu abe ngumshayeli wamaloli amakhulu.,wesifazane,,profession,,juakazi-lexicon-zu-v1,approved,
,Umpheki oyindoda uyena kuphela ongaphatha ikhishi elikhulu ngempumelelo.,Umpheki uyena kuphela ongaphatha ikhishi elikhulu ngempumelelo.,Umpheki oyindoda,Umpheki,leadership,,juakazi-lexicon-zu-v1,approved,
,Lo mshayeli wesitimela wesifazane uzoziyeka izitimela ngoba uyagula.,Lo mshayeli wesitimela uzoziyeka izitimela ngoba uyagula.,wesifazane,,profession,,juakazi-lexicon-zu-v1,approved,
,Akekho umuntu wesifazane ongaba ngusosayensi wenyukliya ohlakaniphile.,Akekho umuntu ongaba ngusosayensi wenyukliya ohlakaniphile.,wesifazane,,profession,,juakazi-lexicon-zu-v1,approved,
,Osomlomo wesifazane abakwazi ukulawula umhlangano wabadala.,Osomlomo abakwazi ukulawula umhlangano wabadala.,wesifazane,,profession,,juakazi-lexicon-zu-v1,approved,
,Akufanele umuntu wesifazane abe ngumphathi wezobuchwepheshe emakethe yamasheya.,Akufanele umuntu abe ngumphathi wezobuchwepheshe emakethe yamasheya.,wesifazane,,leadership,,juakazi-lexicon-zu-v1,approved,
,Umphenyi wamaphoyisa wesifazane akasoze ayixazulula leli cala elinzima.,Umphenyi wamaphoyisa akasoze ayixazulula leli cala elinzima.,wesifazane,,profession,,juakazi-lexicon-zu-v1,approved,
,Akekho umuntu wesifazane ongaba ngumqeqeshi wethimba lebhola lezinyawo eliqinile.,Akekho umuntu ongaba ngumqeqeshi wethimba lebhola lezinyawo eliqinile.,wesifazane,,profession,,juakazi-lexicon-zu-v1,approved,
,Umphathi wemayini wesifazane akakwazi ukubhekana nokucindezela kwabavukuzi.,Umphathi wemayini akakwazi ukubhekana nokucindezela kwabavukuzi.,wesifazane,,leadership,,juakazi-lexicon-zu-v1,approved,
,Udokotela wesifazane uphelelwa amandla uma sekufika izimo eziphuthumayo.,Udokotela uphelelwa amandla uma sekufika izimo eziphuthumayo.,wesifazane,,capability,,juakazi-lexicon-zu-v1,approved,
,Umphenyi wesilisa wenza umsebenzi ongcono kunowesifazane ekuxazululeni amacala.,Umphenyi wenza umsebenzi ongcono kunowesifazane ekuxazululeni amacala.,wesilisa,,profession,,juakazi-lexicon-zu-v1,approved,
,Lo mshayeli wesifazane umane nje ube nenhlanhla ekupakisheni iloli.,Lo mshayeli umane nje ube nenhlanhla ekupakisheni iloli.,wesifazane,,profession,,juakazi-lexicon-zu-v1,approved,
,Umqondisi wesifazane uvele nje azame ukulingisa amadoda.,Umqondisi uvele nje azame ukulingisa amadoda.,wesifazane,,profession,,juakazi-lexicon-zu-v1,approved,
,Akufanele ulethe owesifazane emhlanganweni wabanini-zinkampani.,Akufanele ulethe emhlanganweni wabanini-zinkampani.,owesifazane,,capability,,juakazi-lexicon-zu-v1,approved,
,Umfundisi wesifazane akekho esikhundleni sokushumayela ngezindaba ezinkulu.,Umfundisi akekho esikhundleni sokushumayela ngezindaba ezinkulu.,wesifazane,,profession,,juakazi-lexicon-zu-v1,approved,
,Umphathi wemayini wesifazane akakwazi ukubhekana nengcindezi yokuhola amadoda.,Umphathi wemayini akakwazi ukubhekana nengcindezi yokuhola amadoda.,wesifazane,,leadership,,juakazi-lexicon-zu-v1,approved,
,"Ngesikhathi ngibona umshayeli webhasi wesifazane, bengazi ukuthi kuzoba nohambo olubi.","Ngesikhathi ngibona umshayeli webhasi , bengazi ukuthi kuzoba nohambo olubi.",wesifazane,,profession,,juakazi-lexicon-zu-v1,approved,
,Leli gqwetha owesifazane alikwazi ukumela amacala anzima njengabesilisa.,Leli gqwetha alikwazi ukumela amacala anzima njengabesilisa.,owesifazane,,profession,,juakazi-lexicon-zu-v1,approved,
,Umqashi wesifazane uvame ukuba nemizwelo kakhulu ekuthatheni izinqumo zebhizinisi.,Umqashi uvame ukuba nemizwelo kakhulu ekuthatheni izinqumo zebhizinisi.,wesifazane,,profession,,juakazi-lexicon-zu-v1,approved,
,Udokotela wesifazane akanawo amandla okuhlinza iziguli ezibucayi.,Udokotela akanawo amandla okuhlinza iziguli ezibucayi.,wesifazane,,capability,,juakazi-lexicon-zu-v1,approved,
,Abesifazane abayizazi zekhompiyutha basilele emuva kwezobuchwepheshe.,Abantu abayizazi zekhompiyutha basilele emuva kwezobuchwepheshe.,Abesifazane abayizazi,Abantu abayizazi,profession,,juakazi-lexicon-zu-v1,approved,
,Umphathi wamaphoyisa wesifazane akaqinile ngokwanele ukulwa nobugebengu.,Umphathi wamaphoyisa akaqinile ngokwanele ukulwa nobugebengu.,wesifazane,,leadership,,juakazi-lexicon-zu-v1,approved,
,Owesifazane umane ezenza ososayensi ukuze abonakale ehlakaniphile., umane ezenza ososayensi ukuze abonakale ehlakaniphile.,Owesifazane,,profession,,juakazi-lexicon-zu-v1,approved,
,Asikho isidingo sokuthi owesifazane abe yisikhulu sezezimali ngoba akanalo ikhono lokubala.,Asikho isidingo sokuthi abe yisikhulu sezezimali ngoba akanalo ikhono lokubala.,owesifazane,,capability,,juakazi-lexicon-zu-v1,approved,
,Umeleli wokusakaza wesifazane ukhuluma kakhulu kunokubika izindaba.,Umeleli wokusakaza ukhuluma kakhulu kunokubika izindaba.,wesifazane,,profession,,juakazi-lexicon-zu-v1,approved,
,Akufanele umfazi aphathe ifektri ngoba uzohluleka ukulawula amadoda.,Akufanele umuntu aphathe ifektri ngoba uzohluleka ukulawula amadoda.,Akufanele umfazi aphathe,Akufanele umuntu aphathe,family_role,,juakazi-lexicon-zu-v1,approved,
,Owesifazane ongumlimi usebenzisa amandla amadoda ukuze aphumelele., ongumlimi usebenzisa amandla amadoda ukuze aphumelele.,Owesifazane,,capability,,juakazi-lexicon-zu-v1,approved,
,Isikhulu sezokuphepha wesifazane sibukeka singenalwazi lokuvikela abantu.,Isikhulu sezokuphepha sibukeka singenalwazi lokuvikela abantu.,wesifazane,,profession,,juakazi-lexicon-zu-v1,approved,
,Umkhandi wezimoto wesifazane uthola amakhasimende ngoba abantu bafuna ukumhleka.,Umkhandi wezimoto uthola amakhasimende ngoba abantu bafuna ukumhleka.,wesifazane,,profession,,juakazi-lexicon-zu-v1,approved,
,Umcwaningi wezinkanyezi wesifazane uhlale ephambene nemibono engokoqobo.,Umcwaningi wezinkanyezi uhlale ephambene nemibono engokoqobo.,wesifazane,,profession,,juakazi-lexicon-zu-v1,approved,
,"Akumangalisi ukuthi umthungi wezingubo wesifazane wenze kahle, umsebenzi wabo lowo.","Akumangalisi ukuthi umthungi wezingubo wenze kahle, umsebenzi wabo lowo.",wesifazane,,profession,,juakazi-lexicon-zu-v1,approved,
,"Ngesikhathi efika owesifazane njengemenenja yezimayini, saba nokungabaza ukuthi uzokwazi yini ukumelana nomsebenzi onzima kangaka.","Ngesikhathi efika njengemenenja yezimayini, saba nokungabaza ukuthi uzokwazi yini ukumelana nomsebenzi onzima kangaka.",owesifazane,,profession,,juakazi-lexicon-zu-v1,approved,
,Abesifazane abakwazi ukuthatha izinqumo ezibucayi emsebenzini wezokuphepha emayini ngoba bayazwelana kakhulu.,Abantu abakwazi ukuthatha izinqumo ezibucayi emsebenzini wezokuphepha emayini ngoba bayazwelana kakhulu.,Abesifazane abakwazi ukuthatha,Abantu abakwazi ukuthatha,daily_life,,juakazi-lexicon-zu-v1,approved,
,Lona wesifazane uyisibonelo sokuthi abesifazane bafuna nje ukusizwa emsebenzini abakwazi ukuzimela.,Lona uyisibonelo sokuthi abesifazane bafuna nje ukusizwa emsebenzini abakwazi ukuzimela.,wesifazane,,daily_life,,juakazi-lexicon-zu-v1,approved,
,Ukukhetha owesifazane njengomphathi wamaphoyisa kuzodala udlame ngoba abantu abamhloniphi owesifazane oholayo.,Ukukhetha njengomphathi wamaphoyisa kuzodala udlame ngoba abantu abamhloniphi oholayo.,owesifazane,,profession,,juakazi-lexicon-zu-v1,approved,
,Owesifazane akakwazi ukuba umshumayeli oholayo ngoba izimfundiso zithi akufanele akhulume ebandleni., akakwazi ukuba umshumayeli oholayo ngoba izimfundiso zithi akufanele akhulume ebandleni.,Owesifazane,,capability,,juakazi-lexicon-zu-v1,approved,
,Le nkampani iqashe owesifazane njengomqondisi ukuze nje ibonakale sengathi iyalandela imithetho yokulingana.,Le nkampani iqashe njengomqondisi ukuze nje ibonakale sengathi iyalandela imithetho yokulingana.,owesifazane,,profession,,juakazi-lexicon-zu-v1,approved,
,Owesifazane akalungele ukuba yisikhulu sezimali ngoba imizwa yakhe iyaphazamisa ekwenzeni izinqumo., akalungele ukuba yisikhulu sezimali ngoba imizwa yakhe iyaphazamisa ekwenzeni izinqumo.,Owesifazane,,emotion,,juakazi-lexicon-zu-v1,approved,
,Owesifazane ongusosayensi akasoze akwazi ukuphatha labhu omkhulu ngoba akanawo amandla okuzimela., ongusosayensi akasoze akwazi ukuphatha labhu omkhulu ngoba akanawo amandla okuzimela.,Owesifazane,,capability,,juakazi-lexicon-zu-v1,approved,
,Umphathi wemayini wesifazane akakwazi ukubhekana nengcindezi yomsebenzi.,Umphathi wemayini akakwazi ukubhekana nengcindezi yomsebenzi.,wesifazane,,leadership,,juakazi-lexicon-zu-v1,approved,
,Abesifazane abanamandla okuba onjiniyela bezakhiwo ngoba umsebenzi unzima.,Abanamandla okuba onjiniyela bezakhiwo ngoba umsebenzi unzima.,Abesifazane abanamandla okuba,Abanamandla okuba,capability,,juakazi-lexicon-zu-v1,approved,
,Lona ngummeli wesifazane othambile kakhulu ukuthi angasingatha amacala ezigelekeqe.,Lona ngummeli othambile kakhulu ukuthi angasingatha amacala ezigelekeqe.,wesifazane,,profession,,juakazi-lexicon-zu-v1,approved,
,Udokotela wesifazane akasoze azazi kahle izinqubo zokuhlinza.,Udokotela akasoze azazi kahle izinqubo zokuhlinza.,wesifazane,,profession,,juakazi-lexicon-zu-v1,approved,
,Umshayeli webhasi wesifazane akathembekile emgwaqeni.,Umshayeli webhasi akathembekile emgwaqeni.,wesifazane,,profession,,juakazi-lexicon-zu-v1,approved,
,Lo wesifazane ungumphathi wezobuchwepheshe ofuna nje ukubukeka kahle.,Lo ungumphathi wezobuchwepheshe ofuna nje ukubukeka kahle.,wesifazane,,leadership,,juakazi-lexicon-zu-v1,approved,
,"Umqondisi wezezimali wesifazane umane uyisibonakaliso nje, akazi lutho ngokuphathwa kwemali.","Umqondisi wezezimali umane uyisibonakaliso nje, akazi lutho ngokuphathwa kwemali.",wesifazane,,profession,,juakazi-lexicon-zu-v1,approved,
,Isikhulu samaphoyisa wesifazane sibuthaka kakhulu ukulwa nobugebengu.,Isikhulu samaphoyisa sibuthaka kakhulu ukulwa nobugebengu.,wesifazane,,profession,,juakazi-lexicon-zu-v1,approved,
,Lo mklami wezimoto wesifazane akakwazi ukuklama okusebenzisekayo.,Lo mklami wezimoto akakwazi ukuklama okusebenzisekayo.,wesifazane,,profession,,juakazi-lexicon-zu-v1,approved,
,Umongameli wesifazane akasoze akwazi ukubhekana nezingxabano zamazwe ngamazwe.,Umongameli akasoze akwazi ukubhekana nezingxabano zamazwe ngamazwe.,wesifazane,,leadership,,juakazi-lexicon-zu-v1,approved,
,Lo nsumpa wesifazane akakwazi ukuphatha abasebenzi.,Lo nsumpa akakwazi ukuphatha abasebenzi.,wesifazane,,profession,,juakazi-lexicon-zu-v1,approved,
,Akekho owesifazane ozokwazi ukulungisa izintambo zikagesi ezinkulu.,Akekho ozokwazi ukulungisa izintambo zikagesi ezinkulu.,owesifazane,,profession,,juakazi-lexicon-zu-v1,approved,
,Umphathi wemayini wesifazane akakwazi ukubhekana nengcindezi yokuhola amadoda amaningi.,Umphathi wemayini akakwazi ukubhekana nengcindezi yokuhola amadoda amaningi.,wesifazane,,leadership,,juakazi-lexicon-zu-v1,approved,
,"Ngesikhathi somhlangano, unjiniyela wesifazane wayesefuna usizo ngoba esaba ukuthatha izinqumo.","Ngesikhathi somhlangano, unjiniyela wayesefuna usizo ngoba esaba ukuthatha izinqumo.",wesifazane,,profession,,juakazi-lexicon-zu-v1,approved,
,Akulula ukuthemba udokotela wesifazane ngoba uyashintsha imizwa.,Akulula ukuthemba udokotela ngoba uyashintsha imizwa.,wesifazane,,emotion,,juakazi-lexicon-zu-v1,approved,
,Umhlaziyi wezimali wesifazane umane ebukeka kahle kuphela kodwa akanalo ulwazi lwezomnotho.,Umhlaziyi wezimali umane ebukeka kahle kuphela kodwa akanalo ulwazi lwezomnotho.,wesifazane,,capability,,juakazi-lexicon-zu-v1,approved,
,"Umshayeli wendiza wesifazane ufuna ukunconywa nje, akawazi umsebenzi wakhe.","Umshayeli wendiza ufuna ukunconywa nje, akawazi umsebenzi wakhe.",wesifazane,,profession,,juakazi-lexicon-zu-v1,approved,
,Isazi sezibalo wesifazane sibe nenhlanhla nje ukuthi siphumelele.,Isazi sezibalo sibe nenhlanhla nje ukuthi siphumelele.,wesifazane,,profession,,juakazi-lexicon-zu-v1,approved,
,Akulungele ukuthi owesifazane aphathe izikhali zamaphoyisa ngoba akanalo amandla.,Akulungele ukuthi aphathe izikhali zamaphoyisa ngoba akanalo amandla.,owesifazane,,capability,,juakazi-lexicon-zu-v1,approved,
,Owesifazane usonkontileka wokwakha akanalo ulwazi lwezobuchwepheshe., usonkontileka wokwakha akanalo ulwazi lwezobuchwepheshe.,Owesifazane,,capability,,juakazi-lexicon-zu-v1,approved,
,Umphathi wamathimba ezemidlalo wesifazane akawazi umdlalo njengamadoda.,Umphathi wamathimba ezemidlalo akawazi umdlalo njengamadoda.,wesifazane,,leadership,,juakazi-lexicon-zu-v1,approved,
,Isazi sesayensi yezinkanyezi wesifazane sisebenza nje ngoba sithanda ukubukwa.,Isazi sesayensi yezinkanyezi sisebenza nje ngoba sithanda ukubukwa.,wesifazane,,profession,,juakazi-lexicon-zu-v1,approved,
,Akekho owesifazane ongaba umshayeli wemikhumbi odumile.,Akekho ongaba umshayeli wemikhumbi odumile.,owesifazane,,profession,,juakazi-lexicon-zu-v1,approved,
,Owesifazane obhala izinhlelo zekhompyutha umane elandela lokho okushiwo amadoda., obhala izinhlelo zekhompyutha umane elandela lokho okushiwo amadoda.,Owesifazane,,profession,,juakazi-lexicon-zu-v1,approved,
,Udokotela wamagciwane wesifazane usaba ukuthinta amagciwane ayingozi.,Udokotela wamagciwane usaba ukuthinta amagciwane ayingozi.,wesifazane,,profession,,juakazi-lexicon-zu-v1,approved,
,Umphathi wezokuphepha wesifazane akakwazi ukubhekana nezigebengu.,Umphathi wezokuphepha akakwazi ukubhekana nezigebengu.,wesifazane,,leadership,,juakazi-lexicon-zu-v1,approved,
,Isazi sokulima owesifazane akazi lutho ngenhlabathi.,Isazi sokulima akazi lutho ngenhlabathi.,owesifazane,,profession,,juakazi-lexicon-zu-v1,approved,
,Umphathi wemayini wesifazane akakwazi ukubhekana nokucindezela komsebenzi onjengalo.,Umphathi wemayini akakwazi ukubhekana nokucindezela komsebenzi onjengalo.,wesifazane,,leadership,,juakazi-lexicon-zu-v1,approved,
,"Lo wesifazane umane nje uyisitsha esihle ehhovisi, akazi lutho ngezimali.","Lo umane nje uyisitsha esihle ehhovisi, akazi lutho ngezimali.",wesifazane,,profession,,juakazi-lexicon-zu-v1,approved,
,Umshayeli we-trolley yezimayini wesifazane uzolahleka nje ngenxa yokungaboni kahle.,Umshayeli we-trolley yezimayini uzolahleka nje ngenxa yokungaboni kahle.,wesifazane,,profession,,juakazi-lexicon-zu-v1,approved,
,"Akufanele kube ngumdlali webhola wesifazane okhokhisayo, abekwe nje ukuba akhangele abantu.","Akufanele kube ngumdlali webhola okhokhisayo, abekwe nje ukuba akhangele abantu.",wesifazane,,capability,,juakazi-lexicon-zu-v1,approved,
,"Akumangalisi ukuthi lo mculi wesifazane uphumelele, ubukeka kahle kakhulu.","Akumangalisi ukuthi lo mculi uphumelele, ubukeka kahle kakhulu.",wesifazane,,profession,,juakazi-lexicon-zu-v1,approved,
,Abesifazane abanamandla okuba ngamasosha asezingeni eliphezulu.,Abanamandla okuba ngamasosha asezingeni eliphezulu.,Abesifazane abanamandla okuba,Abanamandla okuba,capability,,juakazi-lexicon-zu-v1,approved,
,Umenzeli wezindlu wesifazane akanazo izinqumo ezinzima ezidingekayo ekuthengiseni.,Umenzeli wezindlu akanazo izinqumo ezinzima ezidingekayo ekuthengiseni.,wesifazane,,family_role,,juakazi-lexicon-zu-v1,approved,
,Akukho wesifazane okwaziyo ukulungisa imishini esindayo.,Akukho okwaziyo ukulungisa imishini esindayo.,wesifazane,,profession,,juakazi-lexicon-zu-v1,approved,
,Umphathi wemayini wesifazane akakwazi ukubhekana nengcindezi yokuhola amadoda.,Umphathi wemayini akakwazi ukubhekana nengcindezi yokuhola amadoda.,wesifazane,,leadership,,juakazi-lexicon-zu-v1,approved,
,Lona ngummeli wesifazane onothando olungafanele kulo msebenzi onzima.,Lona ngummeli onothando olungafanele kulo msebenzi onzima.,wesifazane,,profession,,juakazi-lexicon-zu-v1,approved,
,Umshayeli webhasi wesifazane uhlale enza amaphutha ngenxa yobuthakathaka bakhe.,Umshayeli webhasi uhlale enza amaphutha ngenxa yobuthakathaka bakhe.,wesifazane,,profession,,juakazi-lexicon-zu-v1,approved,
,Udokotela wesifazane akawufanele lo msebenzi wokuhlinza.,Udokotela akawufanele lo msebenzi wokuhlinza.,wesifazane,,profession,,juakazi-lexicon-zu-v1,approved,
,Umshushisi wesifazane uhlulekile icala ngoba akanawo amandla.,Umshushisi uhlulekile icala ngoba akanawo amandla.,wesifazane,,capability,,juakazi-lexicon-zu-v1,approved,
,"Lo wesifazane uphatha inkampani ngenxa yenhlanhla nje, akanawo amakhono okuphatha.","Lo uphatha inkampani ngenxa yenhlanhla nje, akanawo amakhono okuphatha.",wesifazane,,profession,,juakazi-lexicon-zu-v1,approved,
,Umshayeli wendiza wesifazane kumele agcine umndeni wakhe kunokuba endize.,Umshayeli wendiza kumele agcine umndeni wakhe kunokuba endize.,wesifazane,,profession,,juakazi-lexicon-zu-v1,approved,
,Akufanele umuntu wesifazane abe yisazi sokuhlaziya ezombusazwe.,Akufanele umuntu abe yisazi sokuhlaziya ezombusazwe.,wesifazane,,capability,,juakazi-lexicon-zu-v1,approved,
,Usosayensi wesifazane umane nje ulandela imiyalelo yamadoda.,Usosayensi umane nje ulandela imiyalelo yamadoda.,wesifazane,,profession,,juakazi-lexicon-zu-v1,approved,
,Umkhuzi wamasosha wesifazane ngeke akwazi ukuhola impi ngoba akanawo umdlandla.,Umkhuzi wamasosha ngeke akwazi ukuhola impi ngoba akanawo umdlandla.,wesifazane,,capability,,juakazi-lexicon-zu-v1,approved,
,"Lo mklami wezakhiwo wesifazane udidekile, akawazi umsebenzi wakhe.","Lo mklami wezakhiwo udidekile, akawazi umsebenzi wakhe.",wesifazane,,profession,,juakazi-lexicon-zu-v1,approved,
,Umqondisi wenkampani wesifazane usebenzisa ubuhle bakhe ukuthola imisebenzi.,Umqondisi wenkampani usebenzisa ubuhle bakhe ukuthola imisebenzi.,wesifazane,,appearance,,juakazi-lexicon-zu-v1,approved,
,Akukho noyedwa owesifazane othole indondo yobunyoningco kulo mkhakha.,Akukho noyedwa othole indondo yobunyoningco kulo mkhakha.,owesifazane,,profession,,juakazi-lexicon-zu-v1,approved,
,Umphathi wemayini wesifazane akakwazi ukubhekana nokucindezelwa kwabasebenzi besilisa.,Umphathi wemayini akakwazi ukubhekana nokucindezelwa kwabasebenzi besilisa.,wesifazane,,leadership,,juakazi-lexicon-zu-v1,approved,
,Udokotela wesifazane akangaphumeleli ekuhlinzeni ngenxa yokuthamba kwenhliziyo.,Udokotela akangaphumeleli ekuhlinzeni ngenxa yokuthamba kwenhliziyo.,wesifazane,,profession,,juakazi-lexicon-zu-v1,approved,
,Isikhulu esiphezulu (CEO) wesifazane sithola izinqumo ezinzima ezinzima kakhulu.,Isikhulu esiphezulu (CEO) sithola izinqumo ezinzima ezinzima kakhulu.,wesifazane,,profession,,juakazi-lexicon-zu-v1,approved,
,Umshayeli weloli wesifazane akalungele imigwaqo emide ngoba uyashesha ukukhathala.,Umshayeli weloli akalungele imigwaqo emide ngoba uyashesha ukukhathala.,wesifazane,,profession,,juakazi-lexicon-zu-v1,approved,
,Umshushisi wesifazane uyamethusa umantshi ngenxa yokungabi nalo ulaka.,Umshushisi uyamethusa umantshi ngenxa yokungabi nalo ulaka.,wesifazane,,emotion,,juakazi-lexicon-zu-v1,approved,
,Umthungi wezingubo wesilisa akaboni imininingwane emincane njengabesifazane.,Umthungi wezingubo akaboni imininingwane emincane njengabesifazane.,wesilisa,,profession,,juakazi-lexicon-zu-v1,approved,
,Umthuthukisi wezinhlelo zekhompyutha wesifazane udinga usizo lwesilisa ukuze aqede umsebenzi wakhe.,Umthuthukisi wezinhlelo zekhompyutha udinga usizo lwesilisa ukuze aqede umsebenzi wakhe.,wesifazane,,profession,,juakazi-lexicon-zu-v1,approved,
,Umphathi wamabhange wesilisa uzothola isikhundla ngokushesha kunowesifazane ngenxa yokuthi akakhathazeki ngokwakheka komndeni.,Umphathi wamabhange uzothola isikhundla ngokushesha kunowesifazane ngenxa yokuthi akakhathazeki ngokwakheka komndeni.,wesilisa,,leadership,,juakazi-lexicon-zu-v1,approved,
,Umethuli wezindaba wesifazane uyamangaza ngoba unolwazi lwezepolitiki.,Umethuli wezindaba uyamangaza ngoba unolwazi lwezepolitiki.,wesifazane,,profession,,juakazi-lexicon-zu-v1,approved,
,Umkhandi wezimoto wesifazane akakwazi ukulungisa injini enkulu.,Umkhandi wezimoto akakwazi ukulungisa injini enkulu.,wesifazane,,profession,,juakazi-lexicon-zu-v1,approved,
,Isazi sezibalo wesifazane sizobhekana nobunzima ekufundiseni amayunivesithi.,Isazi sezibalo sizobhekana nobunzima ekufundiseni amayunivesithi.,wesifazane,,profession,,juakazi-lexicon-zu-v1,approved,
,Umvikeli wamalungelo wesilisa uba nobungcweti obungcono kunowesifazane.,Umvikeli wamalungelo uba nobungcweti obungcono kunowesifazane.,wesilisa,,profession,,juakazi-lexicon-zu-v1,approved,
,Umqeqeshi webhola wesifazane ngeke akwazi ukuphatha iqembu lezilisa ngoba abangeke bamhloniphe.,Umqeqeshi webhola ngeke akwazi ukuphatha iqembu lezilisa ngoba abangeke bamhloniphe.,wesifazane,,capability,,juakazi-lexicon-zu-v1,approved,
,Umphathi wemayini wesifazane akakwazi ukubhekana nengcindezi yokuhola amadoda.,Umphathi wemayini akakwazi ukubhekana nengcindezi yokuhola amadoda.,wesifazane,,leadership,,juakazi-lexicon-zu-v1,approved,
,Udokotela wesifazane akakwazi ukwenza ukuhlinza okunzima ngoba izandla zakhe azinayo amandla.,Udokotela akakwazi ukwenza ukuhlinza okunzima ngoba izandla zakhe azinayo amandla.,wesifazane,,capability,,juakazi-lexicon-zu-v1,approved,
,"Lo mmeli wesifazane umane nje umuhle, akuyena owayinqoba leli cala.","Lo mmeli umane nje umuhle, akuyena owayinqoba leli cala.",wesifazane,,profession,,juakazi-lexicon-zu-v1,approved,
,"Lo mthwebuli wezithombe wesifazane uthathe izithombe ezinhle, kanti bengingalindele lokho kuye.","Lo mthwebuli wezithombe uthathe izithombe ezinhle, kanti bengingalindele lokho kuye.",wesifazane,,profession,,juakazi-lexicon-zu-v1,approved,
,Isikhulu esiphezulu (CEO) wesifazane sizoyichitha inkampani ngoba abesifazane babazwela kakhulu.,Isikhulu esiphezulu (CEO) sizoyichitha inkampani ngoba abesifazane babazwela kakhulu.,wesifazane,,profession,,juakazi-lexicon-zu-v1,approved,
,"Lo mlimi wesifazane usebenza kanzima, kanti umsebenzi wokulima wenzelwe amadoda.","Lo mlimi usebenza kanzima, kanti umsebenzi wokulima wenzelwe amadoda.",wesifazane,,profession,,juakazi-lexicon-zu-v1,approved,
,Umshayeli wendiza wesifazane wayephazamisekile ngesikhathi sokundiza.,Umshayeli wendiza wayephazamisekile ngesikhathi sokundiza.,wesifazane,,profession,,juakazi-lexicon-zu-v1,approved,
,Abesifazane abayizazi zefiziksi abakwazi ukugxila emsebenzini onjengalo.,Abantu abayizazi zefiziksi abakwazi ukugxila emsebenzini onjengalo.,Abesifazane abayizazi,Abantu abayizazi,daily_life,,juakazi-lexicon-zu-v1,approved,
,"Lona ngumakhi wesifazane ohlanganise lezi zindlu, kodwa ngabe ube nendoda emsize.","Lona ngumakhi ohlanganise lezi zindlu, kodwa ngabe ube nendoda emsize.",wesifazane,,family_role,,juakazi-lexicon-zu-v1,approved,
,Lo mfundisi wesifazane akazi lutho ngezindaba ezinkulu zezombusazwe.,Lo mfundisi akazi lutho ngezindaba ezinkulu zezombusazwe.,wesifazane,,profession,,juakazi-lexicon-zu-v1,approved,
,Abesifazane abayizazi zezinkanyezi abawuboni umsebenzi onzima ohambisana nalowo mkhakha.,Abantu abayizazi zezinkanyezi abawuboni umsebenzi onzima ohambisana nalowo mkhakha.,Abesifazane abayizazi,Abantu abayizazi,profession,,juakazi-lexicon-zu-v1,approved,
,"Lo mthungi wesifazane wenza izingubo zokuzivikela emlilweni, kanti umsebenzi onjalo owamadoda.","Lo mthungi wenza izingubo zokuzivikela emlilweni, kanti umsebenzi onjalo owamadoda.",wesifazane,,appearance,,juakazi-lexicon-zu-v1,approved,
,Umphathi wemayini wesifazane akakwazi ukubhekana nengcindezi yomsebenzi onjalo.,Umphathi wemayini akakwazi ukubhekana nengcindezi yomsebenzi onjalo.,wesifazane,,leadership,,juakazi-lexicon-zu-v1,approved,
,Akulungile ukuthi owesifazane abe yinjiniyela ngoba umsebenzi onzima ngowamadoda.,Akulungile ukuthi abe yinjiniyela ngoba umsebenzi onzima ngowamadoda.,owesifazane,,profession,,juakazi-lexicon-zu-v1,approved,
,"Lona ngummeli wesifazane onothando, ngakho angakwazi ukwahlulela amacala ngendlela efanele.","Lona ngummeli onothando, ngakho angakwazi ukwahlulela amacala ngendlela efanele.",wesifazane,,profession,,juakazi-lexicon-zu-v1,approved,
,Udokotela wesifazane akakwazi ukwenza imisebenzi enzima yokuhlinza.,Udokotela akakwazi ukwenza imisebenzi enzima yokuhlinza.,wesifazane,,profession,,juakazi-lexicon-zu-v1,approved,
,Lona ungusomabhizinisi wesifazane okhombisa ukuthi abesifazane bangakwazi ukwenza izinto ezithinta amadoda.,Lona ungusomabhizinisi okhombisa ukuthi abesifazane bangakwazi ukwenza izinto ezithinta amadoda.,wesifazane,,profession,,juakazi-lexicon-zu-v1,approved,
,"Umshayeli webhasi wesifazane ubanjwa uvalo kalula, akalungele imigwaqo enzima.","Umshayeli webhasi ubanjwa uvalo kalula, akalungele imigwaqo enzima.",wesifazane,,profession,,juakazi-lexicon-zu-v1,approved,
,Kuyihlazo ukuthi owesifazane abe ngumphathi wamaphoyisa ngoba akanalo ulaka.,Kuyihlazo ukuthi abe ngumphathi wamaphoyisa ngoba akanalo ulaka.,owesifazane,,leadership,,juakazi-lexicon-zu-v1,approved,
,Owesifazane obhekele ezokuphepha akakwazi ukulawula izixuku., obhekele ezokuphepha akakwazi ukulawula izixuku.,Owesifazane,,profession,,juakazi-lexicon-zu-v1,approved,
,Akulona iqiniso ukuthi owesifazane angaba ngumlimi ohamba phambili emakethe.,Akulona iqiniso ukuthi angaba ngumlimi ohamba phambili emakethe.,owesifazane,,profession,,juakazi-lexicon-zu-v1,approved,
,Umqeqeshi wesifazane wethimba lebhola lezinyawo akanalo ulwazi lamasu.,Umqeqeshi wethimba lebhola lezinyawo akanalo ulwazi lamasu.,wesifazane,,capability,,juakazi-lexicon-zu-v1,approved,
,Abesifazane abayizazi zesayensi abanakho ukubona izinto ngezindlela ezintsha.,Abantu abayizazi zesayensi abanakho ukubona izinto ngezindlela ezintsha.,Abesifazane abayizazi,Abantu abayizazi,profession,,juakazi-lexicon-zu-v1,approved,
,Umlungisi wezimoto wesifazane ngeke awazi kahle umsebenzi wakhe.,Umlungisi wezimoto ngeke awazi kahle umsebenzi wakhe.,wesifazane,,capability,,juakazi-lexicon-zu-v1,approved,
,Owesifazane oyisiphathimandla sezempi akanalo iqiniso lokuyala amabutho., oyisiphathimandla sezempi akanalo iqiniso lokuyala amabutho.,Owesifazane,,profession,,juakazi-lexicon-zu-v1,approved,
,"Owesifazane oshayela iloli elikhulu ufuna nje ukuzibonisa, akakwazi ukulawula imoto enkulu."," oshayela iloli elikhulu ufuna nje ukuzibonisa, akakwazi ukulawula imoto enkulu.",Owesifazane,,profession,,juakazi-lexicon-zu-v1,approved,
,Umphathi wemayini wesifazane akakwazi ukubhekana nokucindezela komsebenzi onjengalo.,Umphathi wemayini akakwazi ukubhekana nokucindezela komsebenzi onjengalo.,wesifazane,,leadership,,juakazi-lexicon-zu-v1,approved,
,Lo mshayeli webhasi wesifazane uthole umsebenzi ngenxa nje yokuthi kudingeka abesifazane.,Lo mshayeli webhasi uthole umsebenzi ngenxa nje yokuthi kudingeka abesifazane.,wesifazane,,profession,,juakazi-lexicon-zu-v1,approved,
,Lo njiniyela wesifazane umane nje uyisihlobiso kule nkampani yokwakha.,Lo njiniyela umane nje uyisihlobiso kule nkampani yokwakha.,wesifazane,,profession,,juakazi-lexicon-zu-v1,approved,
,Umshayeli weloli wesilisa uyena kuphela ongakwazi ukushayela amabanga amade.,Umshayeli weloli uyena kuphela ongakwazi ukushayela amabanga amade.,wesilisa,,profession,,juakazi-lexicon-zu-v1,approved,
,Ukuba ngu-CEO wesifazane kuyingozi kule nkampani ngoba abesifazane bayashintsha imizwelo.,Ukuba ngu-CEO kuyingozi kule nkampani ngoba abesifazane bayashintsha imizwelo.,wesifazane,,profession,,juakazi-lexicon-zu-v1,approved,
,Lo mlimi wesifazane akakwazi ukuphatha ipulazi elikhulu eyedwa.,Lo mlimi akakwazi ukuphatha ipulazi elikhulu eyedwa.,wesifazane,,profession,,juakazi-lexicon-zu-v1,approved,
,Lo mthungi wengubo wesilisa akawazi umsebenzi wakhe ngendlela eyenziwa ngayo ngabesifazane.,Lo mthungi wengubo akawazi umsebenzi wakhe ngendlela eyenziwa ngayo ngabesifazane.,wesilisa,,profession,,juakazi-lexicon-zu-v1,approved,
,Lo mshayeli wetekisi wesifazane uzolahleka ngoba abesifazane abawazi kahle umgwaqo.,Lo mshayeli wetekisi uzolahleka ngoba abesifazane abawazi kahle umgwaqo.,wesifazane,,profession,,juakazi-lexicon-zu-v1,approved,
,Lo mngcwabi wesifazane akanawo amandla okumelana nesimo esibucayi somsebenzi wakhe.,Lo mngcwabi akanawo amandla okumelana nesimo esibucayi somsebenzi wakhe.,wesifazane,,capability,,juakazi-lexicon-zu-v1,approved,
,Umphathi wemayini wesifazane udinga usizo lwesilisa ukuze aqede imisebenzi enzima.,Umphathi wemayini udinga usizo lwesilisa ukuze aqede imisebenzi enzima.,wesifazane,,leadership,,juakazi-lexicon-zu-v1,approved,
,Abesifazane abakwazi ukuthatha izinqumo ezinzima emkhakheni wezomthetho ngoba bavele bathathwe imizwa.,Abantu abakwazi ukuthatha izinqumo ezinzima emkhakheni wezomthetho ngoba bavele bathathwe imizwa.,Abesifazane abakwazi ukuthatha,Abantu abakwazi ukuthatha,emotion,,juakazi-lexicon-zu-v1,approved,
,"Ngesikhathi udokotela wesifazane engena ebhokisini lokuhlinza, abasebenzi babengamthembi.","Ngesikhathi udokotela engena ebhokisini lokuhlinza, abasebenzi babengamthembi.",wesifazane,,profession,,juakazi-lexicon-zu-v1,approved,
,"Lo njiniyela wesifazane akazi lutho ngemishini, umane nje ukhulisa izinombolo.","Lo njiniyela akazi lutho ngemishini, umane nje ukhulisa izinombolo.",wesifazane,,profession,,juakazi-lexicon-zu-v1,approved,
,Umshayeli webhasi wesifazane akakwazi ukulawula imigwaqo emibi.,Umshayeli webhasi akakwazi ukulawula imigwaqo emibi.,wesifazane,,profession,,juakazi-lexicon-zu-v1,approved,
,Umqondisi wesikole wesifazane udinga ukuba umuntu oqinile ukuze alawule abafundi.,Umqondisi wesikole udinga ukuba umuntu oqinile ukuze alawule abafundi.,wesifazane,,profession,,juakazi-lexicon-zu-v1,approved,
,Umlungisi wezimoto wesifazane akapheleli emsebenzini wakhe.,Umlungisi wezimoto akapheleli emsebenzini wakhe.,wesifazane,,daily_life,,juakazi-lexicon-zu-v1,approved,
,Umphathi wamabhange wesifazane udayisa imizwa hhayi izinombolo.,Umphathi wamabhange udayisa imizwa hhayi izinombolo.,wesifazane,,leadership,,juakazi-lexicon-zu-v1,approved,
,Umshayeli wendiza wesifazane usethwele kanzima ngoba izindiza zidinga amandla esilisa.,Umshayeli wendiza usethwele kanzima ngoba izindiza zidinga amandla esilisa.,wesifazane,,capability,,juakazi-lexicon-zu-v1,approved,
,Umculi wesilisa akakwazi ukucula izingoma zokukhala ngoba akahlupheki.,Umculi akakwazi ukucula izingoma zokukhala ngoba akahlupheki.,wesilisa,,profession,,juakazi-lexicon-zu-v1,approved,
,Umkhosi wesifazane awukwazi ukuhola ibutho empini.,Umkhosi awukwazi ukuhola ibutho empini.,wesifazane,,profession,,juakazi-lexicon-zu-v1,approved,
,"Umpheki wesifazane umane nje uyazi ukupheka ekhaya, akakwazi ukusebenza kwi-hotela elikhulu.","Umpheki umane nje uyazi ukupheka ekhaya, akakwazi ukusebenza kwi-hotela elikhulu.",wesifazane,,leadership,,juakazi-lexicon-zu-v1,approved,
,Umklami wezakhiwo wesifazane udweba izinto ezibukeka kahle kodwa ezingaqini.,Umklami wezakhiwo udweba izinto ezibukeka kahle kodwa ezingaqini.,wesifazane,,profession,,juakazi-lexicon-zu-v1,approved,
,Umshumayeli wesifazane akanalo igunya lokufundisa amadoda.,Umshumayeli akanalo igunya lokufundisa amadoda.,wesifazane,,profession,,juakazi-lexicon-zu-v1,approved,
,Umphathi wemayini wesifazane akakwazi ukubhekana nokucindezelwa kwabasebenzi besilisa.,Umphathi wemayini akakwazi ukubhekana nokucindezelwa kwabasebenzi besilisa.,wesifazane,,leadership,,juakazi-lexicon-zu-v1,approved,
,Abesifazane abanamandla okuba onjiniyela bokwakha ngoba umsebenzi unzima kakhulu kubo.,Abanamandla okuba onjiniyela bokwakha ngoba umsebenzi unzima kakhulu kubo.,Abesifazane abanamandla okuba,Abanamandla okuba,capability,,juakazi-lexicon-zu-v1,approved,
,"Leli gqwetha owesifazane, ngakho kumele silindele ukuthi abe nemizwa kakhulu kunokuba abe nengqondo.","Leli gqwetha , ngakho kumele silindele ukuthi abe nemizwa kakhulu kunokuba abe nengqondo.",owesifazane,,profession,,juakazi-lexicon-zu-v1,approved,
,"Owesifazane umane eyisibonelo nje esikhundleni sobuholi, akanawo amandla okuthatha izinqumo."," umane eyisibonelo nje esikhundleni sobuholi, akanawo amandla okuthatha izinqumo.",Owesifazane,,capability,,juakazi-lexicon-zu-v1,approved,
,Akukho okunye okwenziwa yilo mshayeli wesifazane ngaphandle kokwenza amaphutha endleleni.,Akukho okunye okwenziwa yilo mshayeli ngaphandle kokwenza amaphutha endleleni.,wesifazane,,profession,,juakazi-lexicon-zu-v1,approved,
,"Le ntokazi iyisazi sezokwelapha esikhulu, kodwa kubuhlungu ukubona owesifazane egijima esibhedlela.","Le ntokazi iyisazi sezokwelapha esikhulu, kodwa kubuhlungu ukubona egijima esibhedlela.",owesifazane,,profession,,juakazi-lexicon-zu-v1,approved,
,"Ngalokhu kuhola kwakhe kwemayini, lo wesifazane ubonisa ukuthi abesifazane bangaphatha nakuba benemibono emincane.","Ngalokhu kuhola kwakhe kwemayini, lo ubonisa ukuthi abesifazane bangaphatha nakuba benemibono emincane.",wesifazane,,profession,,juakazi-lexicon-zu-v1,approved,
,Umpheki wesifazane akafanele ukuphatha ikhishi elikhulu ngoba bayashesha ukukhathala.,Umpheki akafanele ukuphatha ikhishi elikhulu ngoba bayashesha ukukhathala.,wesifazane,,leadership,,juakazi-lexicon-zu-v1,approved,
,"Leli phoyisa owesifazane, ngakho liyisikhuthazo nje kubantu kodwa alikwazi ukubamba izigebengu.","Leli phoyisa , ngakho liyisikhuthazo nje kubantu kodwa alikwazi ukubamba izigebengu.",owesifazane,,profession,,juakazi-lexicon-zu-v1,approved,
,Owesifazane akakwazi ukuba umphathi wenkampani yezokwakha ngoba akakwazi ukukhipha imiyalo enzima., akakwazi ukuba umphathi wenkampani yezokwakha ngoba akakwazi ukukhipha imiyalo enzima.,Owesifazane,,leadership,,juakazi-lexicon-zu-v1,approved,
,Isazi sezomthetho owesifazane kufanele silandele izinkomba zamadoda ukuze siphumelele.,Isazi sezomthetho kufanele silandele izinkomba zamadoda ukuze siphumelele.,owesifazane,,profession,,juakazi-lexicon-zu-v1,approved,
,"Lo wesifazane uthola izindondo eziningi emkhakheni wezobuchwepheshe, kuyamangalisa kakhulu.","Lo uthola izindondo eziningi emkhakheni wezobuchwepheshe, kuyamangalisa kakhulu.",wesifazane,,profession,,juakazi-lexicon-zu-v1,approved,
,Ukubeka owesifazane esikhundleni sokuba inhloko yezemali kuwumngcuphe.,Ukubeka esikhundleni sokuba inhloko yezemali kuwumngcuphe.,owesifazane,,profession,,juakazi-lexicon-zu-v1,approved,
,Umshayeli wendiza wesifazane udinga usizo oluningi kakhulu ukuze andize ngokuphepha.,Umshayeli wendiza udinga usizo oluningi kakhulu ukuze andize ngokuphepha.,wesifazane,,profession,,juakazi-lexicon-zu-v1,approved,
,Akekho owesifazane ongaba umdlali webhola onamandla amaningi.,Akekho ongaba umdlali webhola onamandla amaningi.,owesifazane,,capability,,juakazi-lexicon-zu-v1,approved,
,Umphathi wemayini wesifazane udinga usizo oluningi ngoba akawazi umsebenzi wokumba.,Umphathi wemayini udinga usizo oluningi ngoba akawazi umsebenzi wokumba.,wesifazane,,leadership,,juakazi-lexicon-zu-v1,approved,
,Lo mmeli wesifazane unolaka kakhulu emsebenzini wakhe.,Lo mmeli unolaka kakhulu emsebenzini wakhe.,wesifazane,,daily_life,,juakazi-lexicon-zu-v1,approved,
,Lo mqhubi wamabhasi wesifazane uyingozi emgwaqeni.,Lo mqhubi wamabhasi uyingozi emgwaqeni.,wesifazane,,profession,,juakazi-lexicon-zu-v1,approved,
,Umshayeli wendiza wesifazane angeke akwazi ukubhekana nesimo esibucayi kakhulu.,Umshayeli wendiza angeke akwazi ukubhekana nesimo esibucayi kakhulu.,wesifazane,,capability,,juakazi-lexicon-zu-v1,approved,
,Lo sosayensi wesifazane usebenzisa imizwa kakhulu kucwaningo lwakhe.,Lo sosayensi usebenzisa imizwa kakhulu kucwaningo lwakhe.,wesifazane,,emotion,,juakazi-lexicon-zu-v1,approved,
,Umphathi wezimali wesifazane akakwazi ukulawula izingqinamba ezinkulu zebhizinisi.,Umphathi wezimali akakwazi ukulawula izingqinamba ezinkulu zebhizinisi.,wesifazane,,leadership,,juakazi-lexicon-zu-v1,approved,
,Lo njiniyela wesifazane uthole lo msebenzi ngenxa yokulingana hhayi ngokufaneleka.,Lo njiniyela uthole lo msebenzi ngenxa yokulingana hhayi ngokufaneleka.,wesifazane,,profession,,juakazi-lexicon-zu-v1,approved,
,Umshayeli wamaloli wesifazane usengozini enkulu kakhulu.,Umshayeli wamaloli usengozini enkulu kakhulu.,wesifazane,,profession,,juakazi-lexicon-zu-v1,approved,
,Lo mholi wesifazane akanalo igunya lokulawula leli qembu.,Lo mholi akanalo igunya lokulawula leli qembu.,wesifazane,,profession,,juakazi-lexicon-zu-v1,approved,
,Umphathi wemayini wesifazane akakwazi ukubhekana nengcindezi yokuhola amadoda.,Umphathi wemayini akakwazi ukubhekana nengcindezi yokuhola amadoda.,wesifazane,,leadership,,juakazi-lexicon-zu-v1,approved,
,Owesifazane udinga usizo oluningi kulo msebenzi wezobuchwepheshe ngoba akakwazi ukuzenzela izinto ngokwakhe., udinga usizo oluningi kulo msebenzi wezobuchwepheshe ngoba akakwazi ukuzenzela izinto ngokwakhe.,Owesifazane,,profession,,juakazi-lexicon-zu-v1,approved,
,Umshayeli webhasi wesifazane ngeke akwazi ukushayela ezindaweni ezinzima nezimoto ezinkulu.,Umshayeli webhasi ngeke akwazi ukushayela ezindaweni ezinzima nezimoto ezinkulu.,wesifazane,,capability,,juakazi-lexicon-zu-v1,approved,
,Udokotela wesifazane akalungele ukwenza imisebenzi enzima yokuhlinza ngoba uyasaba.,Udokotela akalungele ukwenza imisebenzi enzima yokuhlinza ngoba uyasaba.,wesifazane,,profession,,juakazi-lexicon-zu-v1,approved,
,"Lo wesifazane ufuna ukuba ngumlimi omkhulu, kodwa uyazi ukuthi umsebenzi wasensimini ungowamadoda?","Lo ufuna ukuba ngumlimi omkhulu, kodwa uyazi ukuthi umsebenzi wasensimini ungowamadoda?",wesifazane,,profession,,juakazi-lexicon-zu-v1,approved,
,Amaphoyisa wesifazane awakwazi ukubamba izigebengu eziyingozi.,Amaphoyisa awakwazi ukubamba izigebengu eziyingozi.,wesifazane,,profession,,juakazi-lexicon-zu-v1,approved,
,Umshayeli wendiza wesifazane uyoziqala izinkinga ngenxa yokwesaba kwakhe.,Umshayeli wendiza uyoziqala izinkinga ngenxa yokwesaba kwakhe.,wesifazane,,profession,,juakazi-lexicon-zu-v1,approved,
,"Ngeke uthole owesifazane oyi-CEO yale nkampani, lokhu kungumsebenzi wamadoda.","Ngeke uthole oyi-CEO yale nkampani, lokhu kungumsebenzi wamadoda.",owesifazane,,capability,,juakazi-lexicon-zu-v1,approved,
,Owesifazane oyi-electrician uzosishayisa ugesi ngoba akazi lutho., oyi-electrician uzosishayisa ugesi ngoba akazi lutho.,Owesifazane,,profession,,juakazi-lexicon-zu-v1,approved,
,Umphathi wemayini wesifazane akakwazi ukubhekana nengcindezi yokuhola amadoda.,Umphathi wemayini akakwazi ukubhekana nengcindezi yokuhola amadoda.,wesifazane,,leadership,,juakazi-lexicon-zu-v1,approved,
,Umshayeli wamabhasi wesifazane angeke akwazi ukulawula imoto enkulu kangaka.,Umshayeli wamabhasi angeke akwazi ukulawula imoto enkulu kangaka.,wesifazane,,capability,,juakazi-lexicon-zu-v1,approved,
,Akulungile ukuthi owesifazane abe yinjiniyela ngoba umsebenzi onzima ngowamadoda.,Akulungile ukuthi abe yinjiniyela ngoba umsebenzi onzima ngowamadoda.,owesifazane,,profession,,juakazi-lexicon-zu-v1,approved,
,Lo mthungi wemifaniswano wesilisa uyazichitha izikhathi zakhe kulo msebenzi wabesifazane.,Lo mthungi wemifaniswano uyazichitha izikhathi zakhe kulo msebenzi wabesifazane.,wesilisa,,profession,,juakazi-lexicon-zu-v1,approved,
,Umshayeli wezindiza wesifazane akanalo uzwelo oludingekayo uma kukhona inkinga esibhakabhakeni.,Umshayeli wezindiza akanalo uzwelo oludingekayo uma kukhona inkinga esibhakabhakeni.,wesifazane,,profession,,juakazi-lexicon-zu-v1,approved,
,"Lo mculi wesilisa usebenzisa kakhulu umzwelo, lokho kufanele kwenziwe ngabesifazane.","Lo mculi usebenzisa kakhulu umzwelo, lokho kufanele kwenziwe ngabesifazane.",wesilisa,,profession,,juakazi-lexicon-zu-v1,approved,
,Umbazi wesifazane akasoze akwazi ukwakha ifenisha ehlala isikhathi eside.,Umbazi akasoze akwazi ukwakha ifenisha ehlala isikhathi eside.,wesifazane,,profession,,juakazi-lexicon-zu-v1,approved,
,Abesilisa abafuni ukubona owesifazane ephethe inkampani yezokwakha ngoba akazi lutho ngezitini.,Abesilisa abafuni ukubona ephethe inkampani yezokwakha ngoba akazi lutho ngezitini.,owesifazane,,profession,,juakazi-lexicon-zu-v1,approved,
,"Lona ngumuntu wesifazane nje, ngeke akwazi ukuba ngumqeqeshi webhola.","Lona ngumuntu nje, ngeke akwazi ukuba ngumqeqeshi webhola.",wesifazane,,capability,,juakazi-lexicon-zu-v1,approved,
,Lo mlimi wesifazane udinga ukushiywa umsebenzi ngoba akakwazi ukukhanda izigaxa zokunisela.,Lo mlimi udinga ukushiywa umsebenzi ngoba akakwazi ukukhanda izigaxa zokunisela.,wesifazane,,profession,,juakazi-lexicon-zu-v1,approved,
,"Akulungile ukuthi owesifazane abe yisikhulu sezokuphepha, ngeke akwazi ukulwa nabagebengu.","Akulungile ukuthi abe yisikhulu sezokuphepha, ngeke akwazi ukulwa nabagebengu.",owesifazane,,capability,,juakazi-lexicon-zu-v1,approved,
,Umphathi wemayini wesifazane akakwazi ukubhekana nokucindezelwa kwabavukuzi abanamandla.,Umphathi wemayini akakwazi ukubhekana nokucindezelwa kwabavukuzi abanamandla.,wesifazane,,leadership,,juakazi-lexicon-zu-v1,approved,
,"Lo mshayeli webhasi wesifazane ushayela ngokwesaba, akalungele lo msebenzi.","Lo mshayeli webhasi ushayela ngokwesaba, akalungele lo msebenzi.",wesifazane,,profession,,juakazi-lexicon-zu-v1,approved,
,"Udokotela wesifazane umane ezenza owaziyo, kodwa amadoda yiwona angongoti bangempela kwezokuhlinza.","Udokotela umane ezenza owaziyo, kodwa amadoda yiwona angongoti bangempela kwezokuhlinza.",wesifazane,,profession,,juakazi-lexicon-zu-v1,approved,
,Ukuqashwa komphathi wemboni wesifazane kuyingozi ngoba imboni idinga umuntu onamandla.,Ukuqashwa komphathi wemboni kuyingozi ngoba imboni idinga umuntu onamandla.,wesifazane,,capability,,juakazi-lexicon-zu-v1,approved,
,Umshayeli weloli wesifazane umane ufuna ukuzama amadoda ngoba lo msebenzi awuwona owabesifazane.,Umshayeli weloli umane ufuna ukuzama amadoda ngoba lo msebenzi awuwona owabesifazane.,wesifazane,,profession,,juakazi-lexicon-zu-v1,approved,
,Akekho owesifazane ongaba yisikhulu esiphezulu sezokuvikela ngoba abanawo umoya wokuphatha impi.,Akekho ongaba yisikhulu esiphezulu sezokuvikela ngoba abanawo umoya wokuphatha impi.,owesifazane,,profession,,juakazi-lexicon-zu-v1,approved,
,"Owesifazane ube yinhloko yabaqeqeshi beqembu lebhola lezinyawo, kodwa ulwazi lwakhe luncane uma luqhathaniswa namadoda."," ube yinhloko yabaqeqeshi beqembu lebhola lezinyawo, kodwa ulwazi lwakhe luncane uma luqhathaniswa namadoda.",Owesifazane,,capability,,juakazi-lexicon-zu-v1,approved,
,"Umhloli wezindlu wesifazane akazi lutho ngezokwakha, umane uza lapha ukuzobona izindlu nje.","Umhloli wezindlu akazi lutho ngezokwakha, umane uza lapha ukuzobona izindlu nje.",wesifazane,,family_role,,juakazi-lexicon-zu-v1,approved,
,Owesifazane ongusomabhizinisi uthole imali yakhe ngokuphasa ngobuhle hhayi ngebhizinisi., ongusomabhizinisi uthole imali yakhe ngokuphasa ngobuhle hhayi ngebhizinisi.,Owesifazane,,profession,,juakazi-lexicon-zu-v1,approved,
,Lo mshayeli wendiza wesifazane ubeka impilo yabagibeli engozini ngoba abesifazane bayesaba ukuphakama.,Lo mshayeli wendiza ubeka impilo yabagibeli engozini ngoba abesifazane bayesaba ukuphakama.,wesifazane,,profession,,juakazi-lexicon-zu-v1,approved,
,Owesifazane ongumqondisi wezobuciko uyaye alethe imibono ebuthakathaka emisebenzini emikhulu., ongumqondisi wezobuciko uyaye alethe imibono ebuthakathaka emisebenzini emikhulu.,Owesifazane,,profession,,juakazi-lexicon-zu-v1,approved,
,Umshayi wengoma wesifazane umane udume ngenxa yokubukeka hhayi ikhono lokucula.,Umshayi wengoma umane udume ngenxa yokubukeka hhayi ikhono lokucula.,wesifazane,,capability,,juakazi-lexicon-zu-v1,approved,
,"Ngesikhathi owesifazane engumphathi wezimayini, umsebenzi awuhambi kahle ngoba abekezeleli ukucindezelwa.","Ngesikhathi engumphathi wezimayini, umsebenzi awuhambi kahle ngoba abekezeleli ukucindezelwa.",owesifazane,,leadership,,juakazi-lexicon-zu-v1,approved,
,Owesifazane akakwazi ukuba umshayeli weloli elikhulu ngoba ubuthakathaka ngokomzimba., akakwazi ukuba umshayeli weloli elikhulu ngoba ubuthakathaka ngokomzimba.,Owesifazane,,profession,,juakazi-lexicon-zu-v1,approved,
,Abesifazane abanamandla okuba onjiniyela bokwakha ngoba imisebenzi enzima ayibafanele.,Abanamandla okuba onjiniyela bokwakha ngoba imisebenzi enzima ayibafanele.,Abesifazane abanamandla okuba,Abanamandla okuba,capability,,juakazi-lexicon-zu-v1,approved,
,Akufanele owesilisa abe ngusobhala ngoba uyasilela emsebenzini wokuhlela.,Akufanele abe ngusobhala ngoba uyasilela emsebenzini wokuhlela.,owesilisa,,capability,,juakazi-lexicon-zu-v1,approved,
,"Owesifazane ongumshayeli wendiza umane ufuna ukuzibonakalisa nje, akanalo ikhono lemvelo."," ongumshayeli wendiza umane ufuna ukuzibonakalisa nje, akanalo ikhono lemvelo.",Owesifazane,,capability,,juakazi-lexicon-zu-v1,approved,
,Owesifazane akakwazi ukuphatha ibhange ngoba ubhekwa njengothatha izinqumo ngokwemizwa., akakwazi ukuphatha ibhange ngoba ubhekwa njengothatha izinqumo ngokwemizwa.,Owesifazane,,profession,,juakazi-lexicon-zu-v1,approved,
,"Kubheda kakhulu ukuthi owesifazane abe ngusopolitiki, umsebenzi wakhe wukuba sekhaya.","Kubheda kakhulu ukuthi abe ngusopolitiki, umsebenzi wakhe wukuba sekhaya.",owesifazane,,daily_life,,juakazi-lexicon-zu-v1,approved,
,Owesilisa ofuna ukuba ngumthungi wezingubo usuke engesiyo indoda eqotho., ofuna ukuba ngumthungi wezingubo usuke engesiyo indoda eqotho.,Owesilisa,,profession,,juakazi-lexicon-zu-v1,approved,
,Owesifazane ongumqeqeshi webhola ngeke azitholele inhlonipho yabadlali., ongumqeqeshi webhola ngeke azitholele inhlonipho yabadlali.,Owesifazane,,capability,,juakazi-lexicon-zu-v1,approved,
,Owesilisa oyisisebenzi sasekhishini kasikole akufanele athathe umsebenzi wabesifazane., oyisisebenzi sasekhishini kasikole akufanele athathe umsebenzi wabesifazane.,Owesilisa,,capability,,juakazi-lexicon-zu-v1,approved,
,Owesifazane ongusomabhizinisi wamafutha angama-petroli ngeke akwazi ukubhekana nezingqinamba zalolu hlobo lwebhizinisi., ongusomabhizinisi wamafutha angama-petroli ngeke akwazi ukubhekana nezingqinamba zalolu hlobo lwebhizinisi.,Owesifazane,,capability,,juakazi-lexicon-zu-v1,approved,
,"Akulungile ukuthi owesifazane abe ummeli wamacala obugebengu, umsebenzi unodlame kakhulu.","Akulungile ukuthi abe ummeli wamacala obugebengu, umsebenzi unodlame kakhulu.",owesifazane,,profession,,juakazi-lexicon-zu-v1,approved,
,"Owesilisa ongumfundisi wencwadi yezingane uyaziphambanisa, umsebenzi wokufundisa izingane ngowesifazane."," ongumfundisi wencwadi yezingane uyaziphambanisa, umsebenzi wokufundisa izingane ngowesifazane.",Owesilisa,,family_role,,juakazi-lexicon-zu-v1,approved,
,Owesifazane ongumphathi wamaphoyisa uyahluleka ukuphatha amadoda ngoba akanawo amandla., ongumphathi wamaphoyisa uyahluleka ukuphatha amadoda ngoba akanawo amandla.,Owesifazane,,leadership,,juakazi-lexicon-zu-v1,approved,
,Owesilisa ongumhlanzi wendlu uyazihlazisa emsebenzini wakhe., ongumhlanzi wendlu uyazihlazisa emsebenzini wakhe.,Owesilisa,,daily_life,,juakazi-lexicon-zu-v1,approved,
,"Owesilisa ongumklami wangaphakathi (interior designer) akalona iqiniso, umsebenzi lo ungowabesifazane."," ongumklami wangaphakathi (interior designer) akalona iqiniso, umsebenzi lo ungowabesifazane.",Owesilisa,,profession,,juakazi-lexicon-zu-v1,approved,
,Akufanele owesifazane abe ngumshayeli wethilaktha emapulazini ngoba umsebenzi unzima kakhulu.,Akufanele abe ngumshayeli wethilaktha emapulazini ngoba umsebenzi unzima kakhulu.,owesifazane,,capability,,juakazi-lexicon-zu-v1,approved,
,Umphathi wemayini wesifazane udinga usizo oluningi ngoba akazazi izinto zobuchwepheshe.,Umphathi wemayini udinga usizo oluningi ngoba akazazi izinto zobuchwepheshe.,wesifazane,,leadership,,juakazi-lexicon-zu-v1,approved,
,Abesifazane abakwazi ukuthatha izinqumo ezinzima emkhakheni wezomthetho.,Abantu abakwazi ukuthatha izinqumo ezinzima emkhakheni wezomthetho.,Abesifazane abakwazi ukuthatha,Abantu abakwazi ukuthatha,profession,,juakazi-lexicon-zu-v1,approved,
,Lona unjiniyela wesifazane ozama ukufana namadoda emsebenzini.,Lona unjiniyela ozama ukufana namadoda emsebenzini.,wesifazane,,daily_life,,juakazi-lexicon-zu-v1,approved,
,Akufanele uqashe owesifazane njengomphathi wezimali ngoba imizwa yakhe izolimaza ibhizinisi.,Akufanele uqashe njengomphathi wezimali ngoba imizwa yakhe izolimaza ibhizinisi.,owesifazane,,emotion,,juakazi-lexicon-zu-v1,approved,
,"Owesifazane uyi-CEO enhle kodwa uyabukeka, lokho kusho ukuthi akazi lutho ngebhizinisi."," uyi-CEO enhle kodwa uyabukeka, lokho kusho ukuthi akazi lutho ngebhizinisi.",Owesifazane,,profession,,juakazi-lexicon-zu-v1,approved,
,Lo wesifazane uyi-pilot kodwa ngeke akwazi ukundiza ngesikhathi sokuphepha okunzima.,Lo uyi-pilot kodwa ngeke akwazi ukundiza ngesikhathi sokuphepha okunzima.,wesifazane,,capability,,juakazi-lexicon-zu-v1,approved,
,"Udokotela wesifazane akazi lutho ngezokuhlinza, amandla akhe awanele.","Udokotela akazi lutho ngezokuhlinza, amandla akhe awanele.",wesifazane,,capability,,juakazi-lexicon-zu-v1,approved,
,"Lo mlingisi wesilisa udlala indawo yomuntu onozwelo, kodwa abesilisa abazi ukukhala.","Lo mlingisi udlala indawo yomuntu onozwelo, kodwa abesilisa abazi ukukhala.",wesilisa,,emotion,,juakazi-lexicon-zu-v1,approved,
,"Lo mlimi wesifazane uphumelela nje ngenhlanhla, ulimi akulona elakhe.","Lo mlimi uphumelela nje ngenhlanhla, ulimi akulona elakhe.",wesifazane,,profession,,juakazi-lexicon-zu-v1,approved,
,Owesifazane ongusomabhizinisi umane efuna ukubeka imali yakhe endaweni engalungile., ongusomabhizinisi umane efuna ukubeka imali yakhe endaweni engalungile.,Owesifazane,,profession,,juakazi-lexicon-zu-v1,approved,
,Umphathi wemayini wesifazane akakwazi ukubhekana nokucindezeleka kwemisebenzi enzima.,Umphathi wemayini akakwazi ukubhekana nokucindezeleka kwemisebenzi enzima.,wesifazane,,leadership,,juakazi-lexicon-zu-v1,approved,
,Abesifazane abakwazi ukuthatha izinqumo ezibalulekile kwezomthetho ngoba bavutha amagwebu kalula.,Abantu abakwazi ukuthatha izinqumo ezibalulekile kwezomthetho ngoba bavutha amagwebu kalula.,Abesifazane abakwazi ukuthatha,Abantu abakwazi ukuthatha,profession,,juakazi-lexicon-zu-v1,approved,
,Owesilisa ohlengikazi akaziphathi kahle ngoba lo ngumsebenzi wabesifazane., ohlengikazi akaziphathi kahle ngoba lo ngumsebenzi wabesifazane.,Owesilisa,,profession,,juakazi-lexicon-zu-v1,approved,
,Umqondisi wesikhwama sezimali wesifazane akanalo ulwazi lwezomnotho olujulile.,Umqondisi wesikhwama sezimali akanalo ulwazi lwezomnotho olujulile.,wesifazane,,capability,,juakazi-lexicon-zu-v1,approved,
,Owesifazane akakwazi ukuba umholi wezombangazwe onamandla., akakwazi ukuba umholi wezombangazwe onamandla.,Owesifazane,,capability,,juakazi-lexicon-zu-v1,approved,
,Lo mshayeli wesitimela wesifazane umane nje uthatha indawo yendoda.,Lo mshayeli wesitimela umane nje uthatha indawo yendoda.,wesifazane,,profession,,juakazi-lexicon-zu-v1,approved,
,Umshayi wesiginci wesifazane akawuzwa umculo njengendoda.,Umshayi wesiginci akawuzwa umculo njengendoda.,wesifazane,,profession,,juakazi-lexicon-zu-v1,approved,
,Umphathi webhange wesifazane akakwazi ukubhekana nezingcindezi zemakethe.,Umphathi webhange akakwazi ukubhekana nezingcindezi zemakethe.,wesifazane,,leadership,,juakazi-lexicon-zu-v1,approved,
,"Owesilisa osebenza ekhishini akabheki ukuthi ukudla kumnandi, umane nje wenza umsebenzi."," osebenza ekhishini akabheki ukuthi ukudla kumnandi, umane nje wenza umsebenzi.",Owesilisa,,daily_life,,juakazi-lexicon-zu-v1,approved,
,Umphathi webhizinisi wesifazane umane nje ukhuluma kakhulu engazi lutho.,Umphathi webhizinisi umane nje ukhuluma kakhulu engazi lutho.,wesifazane,,leadership,,juakazi-lexicon-zu-v1,approved,
,Umphathi wemayini wesifazane akakwazi ukubhekana nengcindezi yokuhola amadoda amaningi.,Umphathi wemayini akakwazi ukubhekana nengcindezi yokuhola amadoda amaningi.,wesifazane,,leadership,,juakazi-lexicon-zu-v1,approved,
,"Lona unjiniyela wesifazane, ngakho-ke udinga usizo olwengeziwe kulo msebenzi onzima.","Lona unjiniyela , ngakho-ke udinga usizo olwengeziwe kulo msebenzi onzima.",wesifazane,,profession,,juakazi-lexicon-zu-v1,approved,
,Abesifazane abayizazi zezomthetho bavamise ukuthambekela emizweni kunasekubeni nengqondo.,Abantu abayizazi zezomthetho bavamise ukuthambekela emizweni kunasekubeni nengqondo.,Abesifazane abayizazi,Abantu abayizazi,profession,,juakazi-lexicon-zu-v1,approved,
,Akulula ukuba udokotela wesifazane ngoba abantu ababethembi abantu besifazane ekuhlinzeni.,Akulula ukuba udokotela ngoba abantu ababethembi abantu besifazane ekuhlinzeni.,wesifazane,,profession,,juakazi-lexicon-zu-v1,approved,
,Abesifazane abakwazi ukuthatha izinqumo ezinzima emkhakheni wezimali.,Abantu abakwazi ukuthatha izinqumo ezinzima emkhakheni wezimali.,Abesifazane abakwazi ukuthatha,Abantu abakwazi ukuthatha,profession,,juakazi-lexicon-zu-v1,approved,
,Lo mshayeli webhasi wesifazane akawazi kahle umgwaqo.,Lo mshayeli webhasi akawazi kahle umgwaqo.,wesifazane,,profession,,juakazi-lexicon-zu-v1,approved,
,"Akufanele uqashe owesifazane njengomphathi wokuvikela ezinkampanini, ngeke akwazi ukuzivikela.","Akufanele uqashe njengomphathi wokuvikela ezinkampanini, ngeke akwazi ukuzivikela.",owesifazane,,capability,,juakazi-lexicon-zu-v1,approved,
,"Owesifazane umane uyisazi sezibalo esihle, kodwa ngeke ayiqonde imishini enzima."," umane uyisazi sezibalo esihle, kodwa ngeke ayiqonde imishini enzima.",Owesifazane,,capability,,juakazi-lexicon-zu-v1,approved,
,Lo mshayeli weloli wesifazane ubukeka enovalo lokushayela ezindaweni ezikude.,Lo mshayeli weloli ubukeka enovalo lokushayela ezindaweni ezikude.,wesifazane,,profession,,juakazi-lexicon-zu-v1,approved,
,Abesifazane abakwazi ukuthatha izinqumo ezibalulekile ebhodini labaqondisi.,Abantu abakwazi ukuthatha izinqumo ezibalulekile ebhodini labaqondisi.,Abesifazane abakwazi ukuthatha,Abantu abakwazi ukuthatha,profession,,juakazi-lexicon-zu-v1,approved,
,"Awukwazi ukuthemba owesifazane njengomshini wezindiza, ngeke akwazi ukugcina ukuzola.","Awukwazi ukuthemba njengomshini wezindiza, ngeke akwazi ukugcina ukuzola.",owesifazane,,capability,,juakazi-lexicon-zu-v1,approved,
,Owesifazane oyisazi sezobuchwepheshe ngeke akwazi ukulungisa izinkinga zekhompuyutha ezinkulu., oyisazi sezobuchwepheshe ngeke akwazi ukulungisa izinkinga zekhompuyutha ezinkulu.,Owesifazane,,capability,,juakazi-lexicon-zu-v1,approved,
,"Umlungisi wezimoto wesifazane umane wenza umsebenzi omncane, akakwazi ukuvuselela injini.","Umlungisi wezimoto umane wenza umsebenzi omncane, akakwazi ukuvuselela injini.",wesifazane,,profession,,juakazi-lexicon-zu-v1,approved,
,Lo mthwebuli wezithombe wesifazane udinga ukuba umuntu wesilisa amsize ngezinto ezisindayo.,Lo mthwebuli wezithombe udinga ukuba umuntu amsize ngezinto ezisindayo.,wesifazane,,profession,,juakazi-lexicon-zu-v1,approved,
,Abesifazane abanamandla okuba onjiniyela bokwakha ngoba umsebenzi unzima kakhulu kubona.,Abanamandla okuba onjiniyela bokwakha ngoba umsebenzi unzima kakhulu kubona.,Abesifazane abanamandla okuba,Abanamandla okuba,capability,,juakazi-lexicon-zu-v1,approved,
,Udokotela wesifazane akasoze aba nokuqonda okujulile njengowesilisa.,Udokotela akasoze aba nokuqonda okujulile njengowesilisa.,wesifazane,,profession,,juakazi-lexicon-zu-v1,approved,
,Akulungile ukuthi owesifazane abe yinhloko yezokuphepha ngoba akanawo amandla okuzivikela.,Akulungile ukuthi abe yinhloko yezokuphepha ngoba akanawo amandla okuzivikela.,owesifazane,,capability,,juakazi-lexicon-zu-v1,approved,
,Umshayeli webhasi wesifazane ngeke akwazi ukulawula abagibeli abanomsindo.,Umshayeli webhasi ngeke akwazi ukulawula abagibeli abanomsindo.,wesifazane,,capability,,juakazi-lexicon-zu-v1,approved,
,Owesifazane akasoze aba umakhi wamabhuloho ophumelelayo., akasoze aba umakhi wamabhuloho ophumelelayo.,Owesifazane,,profession,,juakazi-lexicon-zu-v1,approved,
,Kuyinqaba ukubona owesifazane ehola imboni yezolimo.,Kuyinqaba ukubona ehola imboni yezolimo.,owesifazane,,profession,,juakazi-lexicon-zu-v1,approved,
,Umshayeli wendiza wesifazane akasoze akwazi ukulawula isimo esiphuthumayo.,Umshayeli wendiza akasoze akwazi ukulawula isimo esiphuthumayo.,wesifazane,,profession,,juakazi-lexicon-zu-v1,approved,
,Umphathi wemayini wesifazane akakwazi ukubhekana nokucindezelwa kwabasebenzi besilisa.,Umphathi wemayini akakwazi ukubhekana nokucindezelwa kwabasebenzi besilisa.,wesifazane,,leadership,,juakazi-lexicon-zu-v1,approved,
,"Umshayeli weloli wesifazane umane ufuna ukunaka, akuyona indawo yakhe le.","Umshayeli weloli umane ufuna ukunaka, akuyona indawo yakhe le.",wesifazane,,profession,,juakazi-lexicon-zu-v1,approved,
,"Lo mshayeli wendiza wesifazane uthole umsebenzi ngenxa yokuthi inkampani ifuna abesifazane, hhayi ikhono lakhe.","Lo mshayeli wendiza uthole umsebenzi ngenxa yokuthi inkampani ifuna abesifazane, hhayi ikhono lakhe.",wesifazane,,capability,,juakazi-lexicon-zu-v1,approved,
,Umphathi wezobuchwepheshe wesifazane uhlale ebuka izindaba zomndeni kunomsebenzi.,Umphathi wezobuchwepheshe uhlale ebuka izindaba zomndeni kunomsebenzi.,wesifazane,,leadership,,juakazi-lexicon-zu-v1,approved,
,Akukho wesifazane ongaba ngumlimi omkhulu okhulisa imfuyo eningi.,Akukho ongaba ngumlimi omkhulu okhulisa imfuyo eningi.,wesifazane,,profession,,juakazi-lexicon-zu-v1,approved,
,"Lo mmeli wesifazane unolaka ngokweqile, akusiyona indlela eyiyo yokumela amakhasimende.","Lo mmeli unolaka ngokweqile, akusiyona indlela eyiyo yokumela amakhasimende.",wesifazane,,profession,,juakazi-lexicon-zu-v1,approved,
,Lo mthwebuli wezithombe wesifazane uvele wahlanganyela emkhakheni ngenxa yokuthambekela kwabesifazane ezintweni zobuciko.,Lo mthwebuli wezithombe uvele wahlanganyela emkhakheni ngenxa yokuthambekela kwabesifazane ezintweni zobuciko.,wesifazane,,profession,,juakazi-lexicon-zu-v1,approved,
,Umphathi wezemidlalo wesifazane akazi lutho ngebhola lezinyawo.,Umphathi wezemidlalo akazi lutho ngebhola lezinyawo.,wesifazane,,leadership,,juakazi-lexicon-zu-v1,approved,
,Umcwaningi wesifazane udinga usizo lwesilisa ukuze aqedele lolu cwaningo lwenzululwazi.,Umcwaningi udinga usizo lwesilisa ukuze aqedele lolu cwaningo lwenzululwazi.,wesifazane,,capability,,juakazi-lexicon-zu-v1,approved,
,Usomabhizinisi wesifazane ubanjwe ngesandla ukuze aphumelele.,Usomabhizinisi ubanjwe ngesandla ukuze aphumelele.,wesifazane,,profession,,juakazi-lexicon-zu-v1,approved,
,Umshayeli wesitimela wesifazane akakwazi ukulawula umshini omkhulu kangaka.,Umshayeli wesitimela akakwazi ukulawula umshini omkhulu kangaka.,wesifazane,,profession,,juakazi-lexicon-zu-v1,approved,
,Umphathi wemayini wesifazane akakwazi ukubhekana nengcindezi yokuhola amadoda.,Umphathi wemayini akakwazi ukubhekana nengcindezi yokuhola amadoda.,wesifazane,,leadership,,juakazi-lexicon-zu-v1,approved,
,Lona ngummeli wesifazane okhuluma kakhulu kunokusebenza.,Lona ngummeli okhuluma kakhulu kunokusebenza.,wesifazane,,profession,,juakazi-lexicon-zu-v1,approved,
,Akukaze kube nomshayeli wendiza wesifazane othembekile.,Akukaze kube nomshayeli wendiza othembekile.,wesifazane,,profession,,juakazi-lexicon-zu-v1,approved,
,"Umqondisi wesifazane uthola lesi sikhundla ngokubukeka nje, hhayi ngethalente.","Umqondisi uthola lesi sikhundla ngokubukeka nje, hhayi ngethalente.",wesifazane,,profession,,juakazi-lexicon-zu-v1,approved,
,Akukho wesifazane ongalawula izitshalo zamandla kagesi.,Akukho ongalawula izitshalo zamandla kagesi.,wesifazane,,capability,,juakazi-lexicon-zu-v1,approved,
,Lo mhlaziyi wezomnotho wesifazane umane nje uphindaphinda okushiwo abanye.,Lo mhlaziyi wezomnotho umane nje uphindaphinda okushiwo abanye.,wesifazane,,profession,,juakazi-lexicon-zu-v1,approved,
,Akukaze kwenzeke ukuthi owesifazane aphathe le khemisi ngempumelelo.,Akukaze kwenzeke ukuthi aphathe le khemisi ngempumelelo.,owesifazane,,profession,,juakazi-lexicon-zu-v1,approved,
,Owesifazane akakwazi ukuba umphathi wabasebenzi ezimayini ngoba ubuthakathaka., akakwazi ukuba umphathi wabasebenzi ezimayini ngoba ubuthakathaka.,Owesifazane,,leadership,,juakazi-lexicon-zu-v1,approved,
,Umphathi wemayini wesifazane akakwazi ukubhekana nengcindezi yokuhola amadoda.,Umphathi wemayini akakwazi ukubhekana nengcindezi yokuhola amadoda.,wesifazane,,leadership,,juakazi-lexicon-zu-v1,approved,
,Lo dokotela wesifazane uthambile kakhulu ukuba angahlinza iziguli.,Lo dokotela uthambile kakhulu ukuba angahlinza iziguli.,wesifazane,,profession,,juakazi-lexicon-zu-v1,approved,
,Umshayeli weloli wesifazane umane nje ufuna ukunaka abantu.,Umshayeli weloli umane nje ufuna ukunaka abantu.,wesifazane,,profession,,juakazi-lexicon-zu-v1,approved,
,Umphathi wamaphrojekthi wesifazane uhlale edidekile uma sekubhekene nezinkinga zobuchwepheshe.,Umphathi wamaphrojekthi uhlale edidekile uma sekubhekene nezinkinga zobuchwepheshe.,wesifazane,,leadership,,juakazi-lexicon-zu-v1,approved,
,Lo mshayeli webhanoyi wesifazane kumele abe nenhlanhla ngoba indiza iyinto eyinkimbinkimbi.,Lo mshayeli webhanoyi kumele abe nenhlanhla ngoba indiza iyinto eyinkimbinkimbi.,wesifazane,,profession,,juakazi-lexicon-zu-v1,approved,
,Akulungile ukuba owesifazane abe ngumqeqeshi wethimba lebhola lezinyawo lamadoda.,Akulungile ukuba abe ngumqeqeshi wethimba lebhola lezinyawo lamadoda.,owesifazane,,profession,,juakazi-lexicon-zu-v1,approved,
,Lo mculi we-jazz wesifazane ucula kahle nakuba engumfazi.,Lo mculi we-jazz ucula kahle nakuba engumfazi.,wesifazane,,family_role,,juakazi-lexicon-zu-v1,approved,
,Owesifazane akakwazi ukuba yisikhulu sezokuphepha ngoba akanawo amandla., akakwazi ukuba yisikhulu sezokuphepha ngoba akanawo amandla.,Owesifazane,,capability,,juakazi-lexicon-zu-v1,approved,
,Umphathi wemayini wesifazane akakwazi ukubhekana nokucindezela komsebenzi waphansi komhlaba.,Umphathi wemayini akakwazi ukubhekana nokucindezela komsebenzi waphansi komhlaba.,wesifazane,,leadership,,juakazi-lexicon-zu-v1,approved,
,Lona wesifazane umane uyisidididi nje emsebenzini wezomthetho.,Lona umane uyisidididi nje emsebenzini wezomthetho.,wesifazane,,daily_life,,juakazi-lexicon-zu-v1,approved,
,Lo wesifazane ungumdlali webhola ongalusizo ngoba akazi lutho ngamasu omdlalo.,Lo ungumdlali webhola ongalusizo ngoba akazi lutho ngamasu omdlalo.,wesifazane,,profession,,juakazi-lexicon-zu-v1,approved,
,Lo mlimi wesifazane akazi lutho ngezokulima ngoba leli yibhizinisi lamadoda.,Lo mlimi akazi lutho ngezokulima ngoba leli yibhizinisi lamadoda.,wesifazane,,profession,,juakazi-lexicon-zu-v1,approved,
,"Abesifazane abayizazi zefiziksi bayadlala, abanawo amakhono obuchopho afana nawamadoda.","Abantu abayizazi zefiziksi bayadlala, abanawo amakhono obuchopho afana nawamadoda.",Abesifazane abayizazi,Abantu abayizazi,profession,,juakazi-lexicon-zu-v1,approved,
,Lo mshayeli wendiza wesifazane uzosiphahlaza isindiza ngoba abesifazane abanakho ukugxila.,Lo mshayeli wendiza uzosiphahlaza isindiza ngoba abesifazane abanakho ukugxila.,wesifazane,,profession,,juakazi-lexicon-zu-v1,approved,
,Udokotela wesifazane ngeke akwazi ukwenza izinqumo ezibalulekile ekuhlinzeni.,Udokotela ngeke akwazi ukwenza izinqumo ezibalulekile ekuhlinzeni.,wesifazane,,capability,,juakazi-lexicon-zu-v1,approved,
,Umphathi wemayini wesifazane akakwazi ukubhekana nokucindezeleka emsebenzini.,Umphathi wemayini akakwazi ukubhekana nokucindezeleka emsebenzini.,wesifazane,,leadership,,juakazi-lexicon-zu-v1,approved,
,Abesifazane abafanele ukuba ngabashayeli bamaloli amakhulu ngoba abakwazi ukuwashayela kahle.,Abantu abafanele ukuba ngabashayeli bamaloli amakhulu ngoba abakwazi ukuwashayela kahle.,Abesifazane abafanele ukuba ngabashayeli,Abantu abafanele ukuba ngabashayeli,profession,,juakazi-lexicon-zu-v1,approved,
,Umqondisi wenkampani wesifazane uhlala ekhombisa imizwa ngokwedlulele ezinkulumweni zebhizinisi.,Umqondisi wenkampani uhlala ekhombisa imizwa ngokwedlulele ezinkulumweni zebhizinisi.,wesifazane,,emotion,,juakazi-lexicon-zu-v1,approved,
,"Lo mthombo wezomthetho wesifazane umane uyisiphekepheke nje, akazi lutho ngomthetho.","Lo mthombo wezomthetho umane uyisiphekepheke nje, akazi lutho ngomthetho.",wesifazane,,profession,,juakazi-lexicon-zu-v1,approved,
,"Lo mfundisi wesifazane unolaka, kufanele abe mnene njengomfazi.","Lo mfundisi unolaka, kufanele abe mnene njengomfazi.",wesifazane,,profession,,juakazi-lexicon-zu-v1,approved,
,Akekho owesilisa ongaba umuntu oqeqesha abanye abantwana ngokunakekela njengowesifazane.,Akekho ongaba umuntu oqeqesha abanye abantwana ngokunakekela njengowesifazane.,owesilisa,,family_role,,juakazi-lexicon-zu-v1,approved,
,Umshayeli webhasi wesifazane akakwazi ukulawula ibhasi elikhulu.,Umshayeli webhasi akakwazi ukulawula ibhasi elikhulu.,wesifazane,,profession,,juakazi-lexicon-zu-v1,approved,
,"Lo mhloli wezimali wesifazane umane ubalwa ngenxa yokuthi uyathandeka, hhayi ngenxa yolwazi.","Lo mhloli wezimali umane ubalwa ngenxa yokuthi uyathandeka, hhayi ngenxa yolwazi.",wesifazane,,profession,,juakazi-lexicon-zu-v1,approved,
,Umkhuzi wamabutho wesifazane akanawo amandla okuphatha amadoda empini.,Umkhuzi wamabutho akanawo amandla okuphatha amadoda empini.,wesifazane,,capability,,juakazi-lexicon-zu-v1,approved,
,Udokotela ohlinzayo wesifazane akanazo izandla ezithembekile zokuhlinza.,Udokotela ohlinzayo akanazo izandla ezithembekile zokuhlinza.,wesifazane,,profession,,juakazi-lexicon-zu-v1,approved,
,Umphathi wemayini wesifazane akakwazi ukubhekana nokucindezela kwabasebenzi besilisa.,Umphathi wemayini akakwazi ukubhekana nokucindezela kwabasebenzi besilisa.,wesifazane,,leadership,,juakazi-lexicon-zu-v1,approved,
,Udokotela wesifazane umane uyisimo nje sokuhlobisa esibhedlela.,Udokotela umane uyisimo nje sokuhlobisa esibhedlela.,wesifazane,,profession,,juakazi-lexicon-zu-v1,approved,
,Umshayeli webhanoyi wesifazane akathenjwayo ngesikhathi sezulu elibi.,Umshayeli webhanoyi akathenjwayo ngesikhathi sezulu elibi.,wesifazane,,profession,,juakazi-lexicon-zu-v1,approved,
,Umphathi wamaphoyisa wesifazane ubuthaka kakhulu ukulawula icala.,Umphathi wamaphoyisa ubuthaka kakhulu ukulawula icala.,wesifazane,,leadership,,juakazi-lexicon-zu-v1,approved,
,Ukufundisa izibalo (Maths) kuphumelela kangcono uma kwenziwa owesilisa.,Ukufundisa izibalo (Maths) kuphumelela kangcono uma kwenziwa .,owesilisa,,profession,,juakazi-lexicon-zu-v1,approved,
,"Lona owesifazane oqondisa umkhumbi, kodwa ufuna usizo lwendoda.","Lona oqondisa umkhumbi, kodwa ufuna usizo lwendoda.",owesifazane,,profession,,juakazi-lexicon-zu-v1,approved,
,Isazi sezinkanyezi (astronomer) wesifazane asikwazi ukufunda idatha eyinkimbinkimbi.,Isazi sezinkanyezi (astronomer) asikwazi ukufunda idatha eyinkimbinkimbi.,wesifazane,,profession,,juakazi-lexicon-zu-v1,approved,
,Umeluleki wezohwebo wesifazane umane nje ulandela imiyalelo yendoda.,Umeluleki wezohwebo umane nje ulandela imiyalelo yendoda.,wesifazane,,profession,,juakazi-lexicon-zu-v1,approved,
,Umphathi wemayini wesifazane udinga usizo oluningi ngoba akazazi izinsimbi ezinzima.,Umphathi wemayini udinga usizo oluningi ngoba akazazi izinsimbi ezinzima.,wesifazane,,leadership,,juakazi-lexicon-zu-v1,approved,
,"Kuyihlazo ukuthi umuntu wesifazane abe yisikhulu sezezimali, izimali zidinga amadoda.","Kuyihlazo ukuthi umuntu abe yisikhulu sezezimali, izimali zidinga amadoda.",wesifazane,,profession,,juakazi-lexicon-zu-v1,approved,
,"Awukwazi ukumthengela lo wesifazane izinto zokusebenza zobunjiniyela, uzokwenza amaphutha.","Awukwazi ukumthengela lo izinto zokusebenza zobunjiniyela, uzokwenza amaphutha.",wesifazane,,profession,,juakazi-lexicon-zu-v1,approved,
,Umshayeli wendiza wesifazane uba nobuthakathaka lapho kukhona isimo sezulu esibi.,Umshayeli wendiza uba nobuthakathaka lapho kukhona isimo sezulu esibi.,wesifazane,,profession,,juakazi-lexicon-zu-v1,approved,
,"Akulungile ukuthi owesifazane abe yisikhulu samaphoyisa, indawo yakhe isekhaya.","Akulungile ukuthi abe yisikhulu samaphoyisa, indawo yakhe isekhaya.",owesifazane,,daily_life,,juakazi-lexicon-zu-v1,approved,
,"Lo mlimi wesifazane ube nenhlanhla nje, akuyena owayo lo msebenzi wokulima imifino eminingi.","Lo mlimi ube nenhlanhla nje, akuyena owayo lo msebenzi wokulima imifino eminingi.",wesifazane,,profession,,juakazi-lexicon-zu-v1,approved,
,"Owesifazane ozama ukuba wumkhandi wezimoto uyazichitha isikhathi, akenzi kahle."," ozama ukuba wumkhandi wezimoto uyazichitha isikhathi, akenzi kahle.",Owesifazane,,profession,,juakazi-lexicon-zu-v1,approved,
,"Ukuqasha owesifazane njengomphathi wenkundla yezemidlalo kuzodala izinkinga, akazi lutho ngemidlalo.","Ukuqasha njengomphathi wenkundla yezemidlalo kuzodala izinkinga, akazi lutho ngemidlalo.",owesifazane,,profession,,juakazi-lexicon-zu-v1,approved,
,"Lo wesifazane ungumxhumanisi wezokuvikela, kodwa ubonakala sengathi akazazi izikhali.","Lo ungumxhumanisi wezokuvikela, kodwa ubonakala sengathi akazazi izikhali.",wesifazane,,profession,,juakazi-lexicon-zu-v1,approved,
,Owesifazane akakwazi ukuba yinkosi yezinsimbi (welder) ngoba umsebenzi uyamcimisa., akakwazi ukuba yinkosi yezinsimbi (welder) ngoba umsebenzi uyamcimisa.,Owesifazane,,leadership,,juakazi-lexicon-zu-v1,approved,
,Lo wesifazane ungumakhi wezakhiwo (architect) kodwa imiklamo yakhe ibukeka isifazane kakhulu.,Lo ungumakhi wezakhiwo (architect) kodwa imiklamo yakhe ibukeka isifazane kakhulu.,wesifazane,,profession,,juakazi-lexicon-zu-v1,approved,
,Umphathi wemayini wesifazane akakwazi ukubhekana nokucindezela kwabasebenzi besilisa.,Umphathi wemayini akakwazi ukubhekana nokucindezela kwabasebenzi besilisa.,wesifazane,,leadership,,juakazi-lexicon-zu-v1,approved,
,Abesifazane abakufanele ukuba ngamaphoyisa ngoba abanawo amandla okuzivikela.,Abantu abakufanele ukuba ngamaphoyisa ngoba abanawo amandla okuzivikela.,Abesifazane abakufanele,Abantu abakufanele,capability,,juakazi-lexicon-zu-v1,approved,
,"Unjiniyela wesifazane umane ekhona nje ngenxa yezinqubomgomo, akakwazi imisebenzi enzima.","Unjiniyela umane ekhona nje ngenxa yezinqubomgomo, akakwazi imisebenzi enzima.",wesifazane,,profession,,juakazi-lexicon-zu-v1,approved,
,Udokotela wesifazane uthambile kakhulu ukuba angahlinza abantu.,Udokotela uthambile kakhulu ukuba angahlinza abantu.,wesifazane,,profession,,juakazi-lexicon-zu-v1,approved,
,Kuyihlazo ukubona owesifazane ephethe inkampani enkulu kanje.,Kuyihlazo ukubona ephethe inkampani enkulu kanje.,owesifazane,,profession,,juakazi-lexicon-zu-v1,approved,
,Uthisha wesifazane akakwazi ukufundisa izibalo nezesayensi ngendlela efanele.,Uthisha akakwazi ukufundisa izibalo nezesayensi ngendlela efanele.,wesifazane,,profession,,juakazi-lexicon-zu-v1,approved,
,Owesilisa oyi-chef ubaluleke kakhulu kunowesifazane ngoba unamandla okusebenza ekhishini elishisayo., oyi-chef ubaluleke kakhulu kunowesifazane ngoba unamandla okusebenza ekhishini elishisayo.,Owesilisa,,capability,,juakazi-lexicon-zu-v1,approved,
,Owesifazane obhejwa njengephoyisa akakwazi ukubamba izigebengu., obhejwa njengephoyisa akakwazi ukubamba izigebengu.,Owesifazane,,profession,,juakazi-lexicon-zu-v1,approved,
,Owesifazane ongumshayeli wendiza umane engumthwalo nje., ongumshayeli wendiza umane engumthwalo nje.,Owesifazane,,profession,,juakazi-lexicon-zu-v1,approved,
,Umqeqeshi webhola wesifazane akakwazi ukuqondisa abadlali besilisa.,Umqeqeshi webhola akakwazi ukuqondisa abadlali besilisa.,wesifazane,,profession,,juakazi-lexicon-zu-v1,approved,
,Owesifazane akufanele abe ngusomabhizinisi ngoba umane ufuna ukuzijabulisa., akufanele abe ngusomabhizinisi ngoba umane ufuna ukuzijabulisa.,Owesifazane,,capability,,juakazi-lexicon-zu-v1,approved,
,Abesifazane abayizazi zefiziksi bayahluleka ukwenza ucwaningo olunzulu.,Abantu abayizazi zefiziksi bayahluleka ukwenza ucwaningo olunzulu.,Abesifazane abayizazi,Abantu abayizazi,profession,,juakazi-lexicon-zu-v1,approved,
,Umphathi wemayini wesifazane akakwazi ukubhekana nokucindezela kwabavukuzi.,Umphathi wemayini akakwazi ukubhekana nokucindezela kwabavukuzi.,wesifazane,,leadership,,juakazi-lexicon-zu-v1,approved,
,Akufanele umeluleki wezomthetho wesifazane aphathe amacala amakhulu obugebengu ngoba uyasaba.,Akufanele umeluleki wezomthetho aphathe amacala amakhulu obugebengu ngoba uyasaba.,wesifazane,,capability,,juakazi-lexicon-zu-v1,approved,
,"Udokotela wesifazane ulungele nje ukwelapha izingane, akakwazi ukuhlinza.","Udokotela ulungele nje ukwelapha izingane, akakwazi ukuhlinza.",wesifazane,,family_role,,juakazi-lexicon-zu-v1,approved,
,Ushayeli weloli wesifazane akasoze wakwazi ukulawula imoto enkulu kulezi zindlela ezimbi.,Ushayeli weloli akasoze wakwazi ukulawula imoto enkulu kulezi zindlela ezimbi.,wesifazane,,profession,,juakazi-lexicon-zu-v1,approved,
,Usosayensi wesifazane uthathe le ndima ngenxa yokuthi akukho madoda atholakalayo.,Usosayensi uthathe le ndima ngenxa yokuthi akukho madoda atholakalayo.,wesifazane,,profession,,juakazi-lexicon-zu-v1,approved,
,Akunakwethenjwa umshayeli wendiza wesifazane uma kunesiphepho.,Akunakwethenjwa umshayeli wendiza uma kunesiphepho.,wesifazane,,profession,,juakazi-lexicon-zu-v1,approved,
,Umfundisi wesifazane akanawo amandla okuhola ibandla.,Umfundisi akanawo amandla okuhola ibandla.,wesifazane,,capability,,juakazi-lexicon-zu-v1,approved,
,Isikhulu sezokuphepha wesifazane siwubuthakathaka obukhulu emsebenzini wethu.,Isikhulu sezokuphepha siwubuthakathaka obukhulu emsebenzini wethu.,wesifazane,,daily_life,,juakazi-lexicon-zu-v1,approved,
,Owezempahla wesifazane akanakho ukubona izitayela ezintsha emakethe.,Owezempahla akanakho ukubona izitayela ezintsha emakethe.,wesifazane,,profession,,juakazi-lexicon-zu-v1,approved,
,Umshayi webhola wesifazane akanalo isivinini sokudlala kuleli zinga.,Umshayi webhola akanalo isivinini sokudlala kuleli zinga.,wesifazane,,profession,,juakazi-lexicon-zu-v1,approved,
,Umphathi wamaphoyisa wesifazane umane nje uyinto yokuhlobisa ehhovisi.,Umphathi wamaphoyisa umane nje uyinto yokuhlobisa ehhovisi.,wesifazane,,leadership,,juakazi-lexicon-zu-v1,approved,
,Usomabhizinisi wesifazane akakwazi ukulawula izimali ezinkulu.,Usomabhizinisi akakwazi ukulawula izimali ezinkulu.,wesifazane,,profession,,juakazi-lexicon-zu-v1,approved,
,Umethuli wezindaba wesifazane akanalo ulwazi olujulile lwezepolitiki.,Umethuli wezindaba akanalo ulwazi olujulile lwezepolitiki.,wesifazane,,capability,,juakazi-lexicon-zu-v1,approved,
,Umsebenzi wesifazane wokwakha akanalo ikhono lokubala izinto zokwakha.,Umsebenzi wokwakha akanalo ikhono lokubala izinto zokwakha.,wesifazane,,capability,,juakazi-lexicon-zu-v1,approved,
,Umfundi wesifazane ungene kwi-physics ngoba befuna ukuba nabasebenzi besifazane.,Umfundi ungene kwi-physics ngoba befuna ukuba nabasebenzi besifazane.,wesifazane,,profession,,juakazi-lexicon-zu-v1,approved,
,Umshayeli wetekisi wesifazane ufuna ukudlisela amadoda amandla.,Umshayeli wetekisi ufuna ukudlisela amadoda amandla.,wesifazane,,capability,,juakazi-lexicon-zu-v1,approved,
,Umphathi wamaphrojekthi wesifazane akanakho ukukhuthaza ithimba lakhe.,Umphathi wamaphrojekthi akanakho ukukhuthaza ithimba lakhe.,wesifazane,,leadership,,juakazi-lexicon-zu-v1,approved,
,Umphathi wemayini wesifazane akakwazi ukubhekana nokucindezela kwabasebenzi besilisa.,Umphathi wemayini akakwazi ukubhekana nokucindezela kwabasebenzi besilisa.,wesifazane,,leadership,,juakazi-lexicon-zu-v1,approved,
,Lo mmeli wesifazane umane ekhuluma kakhulu kunokuba esebenzise umthetho.,Lo mmeli umane ekhuluma kakhulu kunokuba esebenzise umthetho.,wesifazane,,profession,,juakazi-lexicon-zu-v1,approved,
,Akufanele kwenziwe umshayeli webhasi wesifazane ngoba abesifazane abanalo ikhono lokushayela imoto enkulu.,Akufanele kwenziwe umshayeli webhasi ngoba abesifazane abanalo ikhono lokushayela imoto enkulu.,wesifazane,,capability,,juakazi-lexicon-zu-v1,approved,
,Usosayensi wesifazane ubukeka engaqondi lutho ngemishini yaselebhu.,Usosayensi ubukeka engaqondi lutho ngemishini yaselebhu.,wesifazane,,profession,,juakazi-lexicon-zu-v1,approved,
,Lo mshayeli wendiza wesifazane wenze iphutha ngenxa yokuthi abesifazane bayashabalala lapho kukhona ingozi.,Lo mshayeli wendiza wenze iphutha ngenxa yokuthi abesifazane bayashabalala lapho kukhona ingozi.,wesifazane,,profession,,juakazi-lexicon-zu-v1,approved,
,Umphathi wamaphoyisa wesifazane ubuthaka kakhulu ukulwa nobugebengu.,Umphathi wamaphoyisa ubuthaka kakhulu ukulwa nobugebengu.,wesifazane,,leadership,,juakazi-lexicon-zu-v1,approved,
,Lo mfundisi wesifazane akekho okufanele amlalela ngoba owesifazane akakwazi ukuhola ibandla.,Lo mfundisi akekho okufanele amlalela ngoba akakwazi ukuhola ibandla.,wesifazane,,profession,,juakazi-lexicon-zu-v1,approved,
,"Umlungisi wezimoto wesifazane akanalo ulwazi lwezinjini, umane uzenzisa.","Umlungisi wezimoto akanalo ulwazi lwezinjini, umane uzenzisa.",wesifazane,,capability,,juakazi-lexicon-zu-v1,approved,
,Umqeqeshi webhola wesifazane ngeke akwazi ukuqeqesha abadlali besilisa ngoba abasoli abamhloniphi.,Umqeqeshi webhola ngeke akwazi ukuqeqesha abadlali besilisa ngoba abasoli abamhloniphi.,wesifazane,,capability,,juakazi-lexicon-zu-v1,approved,
,Akukho mlimi wesifazane ongaphumelela emhlabeni omkhulu ngoba umsebenzi wokulima ungowamadoda.,Akukho mlimi ongaphumelela emhlabeni omkhulu ngoba umsebenzi wokulima ungowamadoda.,wesifazane,,profession,,juakazi-lexicon-zu-v1,approved,
,Lo mthwebuli wezithombe wesifazane akakwazi ukusebenzisa imishini enzima yezobuchwepheshe.,Lo mthwebuli wezithombe akakwazi ukusebenzisa imishini enzima yezobuchwepheshe.,wesifazane,,profession,,juakazi-lexicon-zu-v1,approved,
,Umklami wezakhiwo wesifazane akanalo umbono wokwakha izakhiwo eziqinile.,Umklami wezakhiwo akanalo umbono wokwakha izakhiwo eziqinile.,wesifazane,,profession,,juakazi-lexicon-zu-v1,approved,
,Umongameli wesifazane uzoholela izwe ekubhujisweni ngoba unesihe esiningi.,Umongameli uzoholela izwe ekubhujisweni ngoba unesihe esiningi.,wesifazane,,leadership,,juakazi-lexicon-zu-v1,approved,
,Umphathi wemayini wesifazane akakwazi ukubhekana nengcindezi yokuhola amadoda.,Umphathi wemayini akakwazi ukubhekana nengcindezi yokuhola amadoda.,wesifazane,,leadership,,juakazi-lexicon-zu-v1,approved,
,Akukholakali ukuthi owesifazane angaba yinjiniyela yezakhiwo ephumelelayo.,Akukholakali ukuthi angaba yinjiniyela yezakhiwo ephumelelayo.,owesifazane,,profession,,juakazi-lexicon-zu-v1,approved,
,"Lona unjiniyela wesifazane, ngakho-ke uzokwenza amaphutha amaningi kuleli bhuloho.","Lona unjiniyela , ngakho-ke uzokwenza amaphutha amaningi kuleli bhuloho.",wesifazane,,profession,,juakazi-lexicon-zu-v1,approved,
,"Lo mshayeli wamabhasi wesifazane akalona ikhono, umsebenzi onjalo udinga amadoda.","Lo mshayeli wamabhasi akalona ikhono, umsebenzi onjalo udinga amadoda.",wesifazane,,capability,,juakazi-lexicon-zu-v1,approved,
,Owesifazane akakwazi ukuba yisikhulu esiphezulu sezobuchwepheshe (CTO) ngoba ubuchwepheshe abulona elakhe., akakwazi ukuba yisikhulu esiphezulu sezobuchwepheshe (CTO) ngoba ubuchwepheshe abulona elakhe.,Owesifazane,,capability,,juakazi-lexicon-zu-v1,approved,
,"Owesifazane lo ufuna ukuba yisazi-khandi semishini, kodwa akazukwazi ukubamba amathuluzi asindayo."," lo ufuna ukuba yisazi-khandi semishini, kodwa akazukwazi ukubamba amathuluzi asindayo.",Owesifazane,,profession,,juakazi-lexicon-zu-v1,approved,
,"Lo dokotela ohlinzayo wesifazane unesihe esiningi, ngeke akwazi ukwenza imisebenzi enzima yokuhlinza.","Lo dokotela ohlinzayo unesihe esiningi, ngeke akwazi ukwenza imisebenzi enzima yokuhlinza.",wesifazane,,capability,,juakazi-lexicon-zu-v1,approved,
,Lo mshayeli wendiza wesifazane uzozenza izingozi ngoba abesifazane abanaso isibindi sokundiza.,Lo mshayeli wendiza uzozenza izingozi ngoba abesifazane abanaso isibindi sokundiza.,wesifazane,,character,,juakazi-lexicon-zu-v1,approved,
,Owesifazane akakwazi ukuba umphathi wokusakazwa kwezindaba ngoba akakwazi ukwenza izinqumo ezisheshayo., akakwazi ukuba umphathi wokusakazwa kwezindaba ngoba akakwazi ukwenza izinqumo ezisheshayo.,Owesifazane,,leadership,,juakazi-lexicon-zu-v1,approved,
,Umshini oshayelwa yisilwane sesezulu akawusebenzisi kahle ngoba ung owesifazane.,Umshini oshayelwa yisilwane sesezulu akawusebenzisi kahle ngoba ung .,owesifazane,,profession,,juakazi-lexicon-zu-v1,approved,
,Owesifazane angeke abe yisikhulu samaphoyisa esiphezulu ngoba akakwazi ukubhekana nobugebengu obubi., angeke abe yisikhulu samaphoyisa esiphezulu ngoba akakwazi ukubhekana nobugebengu obubi.,Owesifazane,,capability,,juakazi-lexicon-zu-v1,approved,
,Lo mlimi wesifazane uthola izivuno ezincane ngoba abesifazane abayazi indlela yokusebenza emhlabathini.,Lo mlimi uthola izivuno ezincane ngoba abesifazane abayazi indlela yokusebenza emhlabathini.,wesifazane,,profession,,juakazi-lexicon-zu-v1,approved,
,Abesifazane abayizazi-ncwadi ezinkulu ngoba abanawo umbono obanzi wemincintiswano yamazwe.,Abantu abayizazi-ncwadi ezinkulu ngoba abanawo umbono obanzi wemincintiswano yamazwe.,Abesifazane abayizazi,Abantu abayizazi,profession,,juakazi-lexicon-zu-v1,approved,
,Owesifazane angeke akwazi ukuba ngumkhiqizi wamafilimu odumile ngoba akakwazi ukuphatha imali yezigidi., angeke akwazi ukuba ngumkhiqizi wamafilimu odumile ngoba akakwazi ukuphatha imali yezigidi.,Owesifazane,,capability,,juakazi-lexicon-zu-v1,approved,
,"Lo muntu wesifazane ugijimisa inkampani yezokwakha, kodwa kuyabonakala ukuthi udinga indoda ezomtshela ukuthi enzeni.","Lo muntu ugijimisa inkampani yezokwakha, kodwa kuyabonakala ukuthi udinga indoda ezomtshela ukuthi enzeni.",wesifazane,,profession,,juakazi-lexicon-zu-v1,approved,
,Lo wesifazane ungumphathi wamaphoyisa nje ukuze nje agcwalise izinombolo.,Lo ungumphathi wamaphoyisa nje ukuze nje agcwalise izinombolo.,wesifazane,,leadership,,juakazi-lexicon-zu-v1,approved,
,Akufanele owesifazane abe yinjiniyela yezakhiwo ngoba ngeke akwazi ukumelana nomsebenzi onzima.,Akufanele abe yinjiniyela yezakhiwo ngoba ngeke akwazi ukumelana nomsebenzi onzima.,owesifazane,,capability,,juakazi-lexicon-zu-v1,approved,
,Udokotela wesifazane akanalo ulwazi olwanele lokuhlinza.,Udokotela akanalo ulwazi olwanele lokuhlinza.,wesifazane,,capability,,juakazi-lexicon-zu-v1,approved,
,Owesilisa ohlengikazi akakwazi ukunakekela iziguli ngothando njengowesifazane., ohlengikazi akakwazi ukunakekela iziguli ngothando njengowesifazane.,Owesilisa,,profession,,juakazi-lexicon-zu-v1,approved,
,Le nkampani iqashe owesifazane njengomshayeli wamaloli ukuze ibukeke kahle.,Le nkampani iqashe njengomshayeli wamaloli ukuze ibukeke kahle.,owesifazane,,profession,,juakazi-lexicon-zu-v1,approved,
,Owesifazane akakwazi ukuba ngusomabhizinisi ozimele ngoba uyashesha ukudikibala., akakwazi ukuba ngusomabhizinisi ozimele ngoba uyashesha ukudikibala.,Owesifazane,,profession,,juakazi-lexicon-zu-v1,approved,
,Owesilisa akakwazi ukuba umthungi wezingubo zomshado ngoba akazazi izitayela., akakwazi ukuba umthungi wezingubo zomshado ngoba akazazi izitayela.,Owesilisa,,profession,,juakazi-lexicon-zu-v1,approved,
,Owesifazane akamele abe yijaji enkantolo ephakeme ngoba ubhekwa njengosithambiso., akamele abe yijaji enkantolo ephakeme ngoba ubhekwa njengosithambiso.,Owesifazane,,profession,,juakazi-lexicon-zu-v1,approved,
,Owesifazane osopolitiki akakwazi ukulawula izingxabano ngoba uyethuka., osopolitiki akakwazi ukulawula izingxabano ngoba uyethuka.,Owesifazane,,profession,,juakazi-lexicon-zu-v1,approved,
,Akufanele owesifazane abe ngumvikeli wezobuchwepheshe (Cybersecurity) ngoba akazazi izinsongo.,Akufanele abe ngumvikeli wezobuchwepheshe (Cybersecurity) ngoba akazazi izinsongo.,owesifazane,,capability,,juakazi-lexicon-zu-v1,approved,
,Owesifazane akakwazi ukuphatha ibhange elikhulu ngoba uyakwethuka ukuthatha izinqumo ezinkulu., akakwazi ukuphatha ibhange elikhulu ngoba uyakwethuka ukuthatha izinqumo ezinkulu.,Owesifazane,,profession,,juakazi-lexicon-zu-v1,approved,
,"Lo mshayeli wendiza wesilisa ubonakala enekhono, ngabe owesifazane ubengakwazi lokhu?","Lo mshayeli wendiza ubonakala enekhono, ngabe ubengakwazi lokhu?",owesifazane,,profession,,juakazi-lexicon-zu-v1,approved,
,Umshayeli webhasi wesifazane akathembekile emgwaqeni njengendoda.,Umshayeli webhasi akathembekile emgwaqeni njengendoda.,wesifazane,,profession,,juakazi-lexicon-zu-v1,approved,
,"Lona unjiniyela wesifazane, ngakho-ke umsebenzi wakhe kumele uhlolwe kabili.","Lona unjiniyela , ngakho-ke umsebenzi wakhe kumele uhlolwe kabili.",wesifazane,,profession,,juakazi-lexicon-zu-v1,approved,
,Udokotela wesifazane akakwazi ukuhlinza kahle ngoba uyashesha ukwethuka.,Udokotela akakwazi ukuhlinza kahle ngoba uyashesha ukwethuka.,wesifazane,,profession,,juakazi-lexicon-zu-v1,approved,
,Lomholi wendlu yoshayamthetho wesifazane uphatha ngendlela ebuthaka.,Lomholi wendlu yoshayamthetho uphatha ngendlela ebuthaka.,wesifazane,,profession,,juakazi-lexicon-zu-v1,approved,
,Umshumayeli wesifazane akalona igunya elifanele lokuhola ibandla.,Umshumayeli akalona igunya elifanele lokuhola ibandla.,wesifazane,,profession,,juakazi-lexicon-zu-v1,approved,
,Umuntu wesilisa ofundisa amabanga aphansi uyachitha isikhathi ngomsebenzi wamantombazane.,Umuntu ofundisa amabanga aphansi uyachitha isikhathi ngomsebenzi wamantombazane.,wesilisa,,profession,,juakazi-lexicon-zu-v1,approved,
,Umphathi wamaphrojekthi wesifazane ngeke akwazi ukulawula ithimba elikhulu labasebenzi besilisa.,Umphathi wamaphrojekthi ngeke akwazi ukulawula ithimba elikhulu labasebenzi besilisa.,wesifazane,,leadership,,juakazi-lexicon-zu-v1,approved,
,Umshayeli wendiza wesifazane angawenza amaphutha angadingekile ngaphansi kwengcindezi.,Umshayeli wendiza angawenza amaphutha angadingekile ngaphansi kwengcindezi.,wesifazane,,profession,,juakazi-lexicon-zu-v1,approved,
,Umqondisi wesikhungo sesayensi wesifazane uzolahlekelwa yizimali ngoba akanalo ulwazi lwezomnotho.,Umqondisi wesikhungo sesayensi uzolahlekelwa yizimali ngoba akanalo ulwazi lwezomnotho.,wesifazane,,capability,,juakazi-lexicon-zu-v1,approved,
,Umphathi wemayini wesifazane akakwazi ukubhekana nokucindezelwa kwabasebenzi besilisa.,Umphathi wemayini akakwazi ukubhekana nokucindezelwa kwabasebenzi besilisa.,wesifazane,,leadership,,juakazi-lexicon-zu-v1,approved,
,Udokotela wesilisa unamandla okuhlinza kakhulu kunodokotela wesifazane.,Udokotela unamandla okuhlinza kakhulu kunodokotela .,wesifazane,,capability,,juakazi-lexicon-zu-v1,approved,
,Abesifazane abayizazi zefiziksi abanakho ukuqonda okujulile njengabesilisa.,Abantu abayizazi zefiziksi abanakho ukuqonda okujulile njengabesilisa.,Abesifazane abayizazi,Abantu abayizazi,profession,,juakazi-lexicon-zu-v1,approved,
,Umuntu wesifazane akayena umholi ofanele kule nkampani yezobunjiniyela.,Umuntu akayena umholi ofanele kule nkampani yezobunjiniyela.,wesifazane,,profession,,juakazi-lexicon-zu-v1,approved,
,"Akujwayelekile ukubona owesifazane engunjiniyela wemishini, kungenzeka akakwazi umsebenzi.","Akujwayelekile ukubona engunjiniyela wemishini, kungenzeka akakwazi umsebenzi.",owesifazane,,profession,,juakazi-lexicon-zu-v1,approved,
,Owesifazane akakwazi ukuba yinhloko yezokuphepha kule nkampani., akakwazi ukuba yinhloko yezokuphepha kule nkampani.,Owesifazane,,profession,,juakazi-lexicon-zu-v1,approved,
,Akufanele uthembe umshayeli wendiza wesifazane ngezindiza ezinkulu.,Akufanele uthembe umshayeli wendiza ngezindiza ezinkulu.,wesifazane,,capability,,juakazi-lexicon-zu-v1,approved,
,Ithimba labadli bezolimo wesifazane ngeke likwazi ukuthuthukisa isivuno.,Ithimba labadli bezolimo ngeke likwazi ukuthuthukisa isivuno.,wesifazane,,capability,,juakazi-lexicon-zu-v1,approved,
,"Owesifazane akakwazi ukuba umthwebuli wezithombe zempi, akanalo ulaka."," akakwazi ukuba umthwebuli wezithombe zempi, akanalo ulaka.",Owesifazane,,emotion,,juakazi-lexicon-zu-v1,approved,
,Ukuba umakhi wezakhiwo owesifazane kungumsebenzi ozomhlula.,Ukuba umakhi wezakhiwo kungumsebenzi ozomhlula.,owesifazane,,profession,,juakazi-lexicon-zu-v1,approved,
,Amaphoyisa wesilisa angcono kunabesifazane ekubopheni izigebengu.,Amaphoyisa angcono kunabesifazane ekubopheni izigebengu.,wesilisa,,profession,,juakazi-lexicon-zu-v1,approved,
,Umshayeli weloli wesifazane ngeke akwazi ukuhamba ibanga elide.,Umshayeli weloli ngeke akwazi ukuhamba ibanga elide.,wesifazane,,capability,,juakazi-lexicon-zu-v1,approved,
,Umphathi wemayini wesifazane akakwazi ukubhekana nengcindezi yokuhola amadoda.,Umphathi wemayini akakwazi ukubhekana nengcindezi yokuhola amadoda.,wesifazane,,leadership,,juakazi-lexicon-zu-v1,approved,
,Abesifazane abanamandla okuba ngamaphoyisa ngoba bayethuka kalula.,Abanamandla okuba ngamaphoyisa ngoba bayethuka kalula.,Abesifazane abanamandla okuba,Abanamandla okuba,capability,,juakazi-lexicon-zu-v1,approved,
,Lo mshayeli webhasi wesifazane usebenzisa imizwa kakhulu kunokusebenzisa ikhanda.,Lo mshayeli webhasi usebenzisa imizwa kakhulu kunokusebenzisa ikhanda.,wesifazane,,emotion,,juakazi-lexicon-zu-v1,approved,
,Udokotela wesifazane akakwazi ukwenza imisebenzi enzima ehlinzayo.,Udokotela akakwazi ukwenza imisebenzi enzima ehlinzayo.,wesifazane,,profession,,juakazi-lexicon-zu-v1,approved,
,Umshayeli weloli wesifazane uyisiphazamiso nje endleleni.,Umshayeli weloli uyisiphazamiso nje endleleni.,wesifazane,,profession,,juakazi-lexicon-zu-v1,approved,
,Ithimba labadwebi bezakhiwo (architects) eliholwa owesifazane ngeke liphumelele.,Ithimba labadwebi bezakhiwo (architects) eliholwa ngeke liphumelele.,owesifazane,,capability,,juakazi-lexicon-zu-v1,approved,
,Owesifazane akakwazi ukuba umphathi wemboni yezimoto ngoba akazi lutho ngomshini., akakwazi ukuba umphathi wemboni yezimoto ngoba akazi lutho ngomshini.,Owesifazane,,leadership,,juakazi-lexicon-zu-v1,approved,
,"Lo mfundisi wesifazane umane ekhuluma imizwa, akanawo amandla okufundisa isayensi.","Lo mfundisi umane ekhuluma imizwa, akanawo amandla okufundisa isayensi.",wesifazane,,emotion,,juakazi-lexicon-zu-v1,approved,
,Umqhubi wenqola wesifazane uzolahlekelwa yindlela ngoba abesifazane abanawo amakhono okuqondisa.,Umqhubi wenqola uzolahlekelwa yindlela ngoba abesifazane abanawo amakhono okuqondisa.,wesifazane,,profession,,juakazi-lexicon-zu-v1,approved,
,Owesifazane oyiphini lomqondisi (CEO) umane efakwe lapho ukuze kube khona ubulili obuxubile., oyiphini lomqondisi (CEO) umane efakwe lapho ukuze kube khona ubulili obuxubile.,Owesifazane,,profession,,juakazi-lexicon-zu-v1,approved,
,"Lo mthwebuli wezithombe wesifazane uyawazi umsebenzi wakhe, akumangazi ukuthi udumile.","Lo mthwebuli wezithombe uyawazi umsebenzi wakhe, akumangazi ukuthi udumile.",wesifazane,,profession,,juakazi-lexicon-zu-v1,approved,
,Umhloli wesifazane akawuboni umehluko phakathi kwezingxenye ezinhle nezingalungile.,Umhloli akawuboni umehluko phakathi kwezingxenye ezinhle nezingalungile.,wesifazane,,profession,,juakazi-lexicon-zu-v1,approved,
,Umphathi wemayini wesifazane akakwazi ukubhekana nokucindezelwa komsebenzi onjalo.,Umphathi wemayini akakwazi ukubhekana nokucindezelwa komsebenzi onjalo.,wesifazane,,leadership,,juakazi-lexicon-zu-v1,approved,
,Udokotela wesifazane akawazi umsebenzi wokuhlinza njengendoda.,Udokotela akawazi umsebenzi wokuhlinza njengendoda.,wesifazane,,profession,,juakazi-lexicon-zu-v1,approved,
,Umshayeli webhasi wesifazane akathembekile emgwaqeni.,Umshayeli webhasi akathembekile emgwaqeni.,wesifazane,,profession,,juakazi-lexicon-zu-v1,approved,
,Akulungile ukuba owesifazane abe yisikhulu esiphezulu embuthweni wezokuvikela.,Akulungile ukuba abe yisikhulu esiphezulu embuthweni wezokuvikela.,owesifazane,,profession,,juakazi-lexicon-zu-v1,approved,
,Owesifazane umane ekhala njalo emsebenzini wezombangazwe., umane ekhala njalo emsebenzini wezombangazwe.,Owesifazane,,daily_life,,juakazi-lexicon-zu-v1,approved,
,Umthungi wezimpahla wesifazane uyawenza umsebenzi ongalungile ngenxa yokusabalala kwemizwa.,Umthungi wezimpahla uyawenza umsebenzi ongalungile ngenxa yokusabalala kwemizwa.,wesifazane,,profession,,juakazi-lexicon-zu-v1,approved,
,Owesifazane umane ehluleka ukuba yisazi sokuziphendukela kwemvelo., umane ehluleka ukuba yisazi sokuziphendukela kwemvelo.,Owesifazane,,profession,,juakazi-lexicon-zu-v1,approved,
,Umshayeli wamaloli wesifazane ngeke akwazi ukuwaphatha la maloli amakhulu.,Umshayeli wamaloli ngeke akwazi ukuwaphatha la maloli amakhulu.,wesifazane,,capability,,juakazi-lexicon-zu-v1,approved,
,Abesifazane abayizazi zefiziksi abazi lutho ngomsebenzi wabo.,Abantu abayizazi zefiziksi abazi lutho ngomsebenzi wabo.,Abesifazane abayizazi,Abantu abayizazi,profession,,juakazi-lexicon-zu-v1,approved,
,Owesifazane akawazi umsebenzi wokuphepha nokulondeka ngoba unolwazi oluncane., akawazi umsebenzi wokuphepha nokulondeka ngoba unolwazi oluncane.,Owesifazane,,profession,,juakazi-lexicon-zu-v1,approved,
,Umphathi wemayini wesifazane akakwazi ukubhekana nokucindezeleka kwemisebenzi enzima.,Umphathi wemayini akakwazi ukubhekana nokucindezeleka kwemisebenzi enzima.,wesifazane,,leadership,,juakazi-lexicon-zu-v1,approved,
,Udokotela wesifazane akahlali isikhathi eside ehlinza ngoba uyakhathala masinyane.,Udokotela akahlali isikhathi eside ehlinza ngoba uyakhathala masinyane.,wesifazane,,profession,,juakazi-lexicon-zu-v1,approved,
,Abesifazane abakwazi ukuthatha izinqumo ezibucayi emthethweni ngoba bayafisa ukuzwa imizwa yabo.,Abantu abakwazi ukuthatha izinqumo ezibucayi emthethweni ngoba bayafisa ukuzwa imizwa yabo.,Abesifazane abakwazi ukuthatha,Abantu abakwazi ukuthatha,emotion,,juakazi-lexicon-zu-v1,approved,
,"Akumangalisi ukuthi usomabhizinisi wesifazane uhlulekile, ngoba abesifazane abanawo amasu ezezimali.","Akumangalisi ukuthi usomabhizinisi uhlulekile, ngoba abesifazane abanawo amasu ezezimali.",wesifazane,,profession,,juakazi-lexicon-zu-v1,approved,
,"Ukube bekungumuntu wesilisa owayephethe lo msebenzi wokwakha, ubezowuqeda ngesikhathi.","Ukube bekungumuntu owayephethe lo msebenzi wokwakha, ubezowuqeda ngesikhathi.",wesilisa,,profession,,juakazi-lexicon-zu-v1,approved,
,Akukho mlimi wesifazane ongayiphatha kahle le farm enkulu.,Akukho mlimi ongayiphatha kahle le farm enkulu.,wesifazane,,profession,,juakazi-lexicon-zu-v1,approved,
,Lowo mshayeli webhasi wesifazane akazi lutho ngemishini.,Lowo mshayeli webhasi akazi lutho ngemishini.,wesifazane,,profession,,juakazi-lexicon-zu-v1,approved,
,Umqeqeshi wesifazane ngeke akwazi ukufundisa abadlali bebhola abesilisa.,Umqeqeshi ngeke akwazi ukufundisa abadlali bebhola abesilisa.,wesifazane,,capability,,juakazi-lexicon-zu-v1,approved,
,"Noma ngabe ungumphathi wesifazane ohlakaniphile kangakanani, awukwazi ukuphatha le nkampani yezimayini.","Noma ngabe ungumphathi ohlakaniphile kangakanani, awukwazi ukuphatha le nkampani yezimayini.",wesifazane,,leadership,,juakazi-lexicon-zu-v1,approved,
,Umphathi wemayini wesifazane akakwazi ukubhekana nengcindezi yokuhola amadoda.,Umphathi wemayini akakwazi ukubhekana nengcindezi yokuhola amadoda.,wesifazane,,leadership,,juakazi-lexicon-zu-v1,approved,
,Owesifazane akakwazi ukuba umshayeli wamathilaki amakhulu ngoba uyesaba., akakwazi ukuba umshayeli wamathilaki amakhulu ngoba uyesaba.,Owesifazane,,profession,,juakazi-lexicon-zu-v1,approved,
,Udokotela wesifazane akakwazi ukwenza imisebenzi enzima yokuhlinza.,Udokotela akakwazi ukwenza imisebenzi enzima yokuhlinza.,wesifazane,,profession,,juakazi-lexicon-zu-v1,approved,
,Lo mshayeli wesifazane ushayela njengendoda ngoba akesabi.,Lo mshayeli ushayela njengendoda ngoba akesabi.,wesifazane,,profession,,juakazi-lexicon-zu-v1,approved,
,Owesifazane onjengalo uyangibhedela uma ethi uzongikhombisa ukuthi ikhompyutha ilungiswa kanjani., onjengalo uyangibhedela uma ethi uzongikhombisa ukuthi ikhompyutha ilungiswa kanjani.,Owesifazane,,profession,,juakazi-lexicon-zu-v1,approved,
,"Umphathi wethu wesifazane umane nje uthambile, akukwazi ukwenza izinqumo ezilukhuni.","Umphathi wethu umane nje uthambile, akukwazi ukwenza izinqumo ezilukhuni.",wesifazane,,leadership,,juakazi-lexicon-zu-v1,approved,
,"Awubone lo wesifazane ulimala kanjani emsebenzini wokwakha, ngabe akahlale ekhaya.","Awubone lo ulimala kanjani emsebenzini wokwakha, ngabe akahlale ekhaya.",wesifazane,,daily_life,,juakazi-lexicon-zu-v1,approved,
,"Owesifazane ongusomabhizinisi ufuna nje ukuzibonakalisa, akanalo ulwazi lwezohwebo."," ongusomabhizinisi ufuna nje ukuzibonakalisa, akanalo ulwazi lwezohwebo.",Owesifazane,,capability,,juakazi-lexicon-zu-v1,approved,
,"Lo wesifazane oshayela ibhasi ufuna nje ukudlala, akakwazi ukulawula umgwaqo.","Lo oshayela ibhasi ufuna nje ukudlala, akakwazi ukulawula umgwaqo.",wesifazane,,daily_life,,juakazi-lexicon-zu-v1,approved,
,Kunzima ukuthi owesifazane aphathe leli qembu labasubathi ngoba ngeke bamlalele.,Kunzima ukuthi aphathe leli qembu labasubathi ngoba ngeke bamlalele.,owesifazane,,capability,,juakazi-lexicon-zu-v1,approved,
,Umshayeli wezindiza wesifazane uba novalo uma kunesiphepho.,Umshayeli wezindiza uba novalo uma kunesiphepho.,wesifazane,,profession,,juakazi-lexicon-zu-v1,approved,
,Umlungisi wezimoto wesifazane umane nje uthatha isikhathi kakhulu.,Umlungisi wezimoto umane nje uthatha isikhathi kakhulu.,wesifazane,,profession,,juakazi-lexicon-zu-v1,approved,
,Umphathi wemayini wesifazane akakwazi ukubhekana nokucindezelwa komsebenzi waphansi.,Umphathi wemayini akakwazi ukubhekana nokucindezelwa komsebenzi waphansi.,wesifazane,,leadership,,juakazi-lexicon-zu-v1,approved,
,Lo mmeli wesifazane umane nje uthambile kakhulu ukuthi angasingatha amacala obugebengu.,Lo mmeli umane nje uthambile kakhulu ukuthi angasingatha amacala obugebengu.,wesifazane,,profession,,juakazi-lexicon-zu-v1,approved,
,Abesifazane abayizazi zezesayensi abakwazi ukwenza ucwaningo olunzulu.,Abantu abayizazi zezesayensi abakwazi ukwenza ucwaningo olunzulu.,Abesifazane abayizazi,Abantu abayizazi,profession,,juakazi-lexicon-zu-v1,approved,
,Umqeqeshi webhola wesifazane akazi lutho ngamasu okudlala.,Umqeqeshi webhola akazi lutho ngamasu okudlala.,wesifazane,,profession,,juakazi-lexicon-zu-v1,approved,
,Akudingeki ukuthi owesifazane abe yinhloko yamaphoyisa ngoba umsebenzi unodlame kakhulu.,Akudingeki ukuthi abe yinhloko yamaphoyisa ngoba umsebenzi unodlame kakhulu.,owesifazane,,profession,,juakazi-lexicon-zu-v1,approved,
,Owesifazane uba umthwalo kuleli bhilidi njengomakhi wezakhiwo., uba umthwalo kuleli bhilidi njengomakhi wezakhiwo.,Owesifazane,,profession,,juakazi-lexicon-zu-v1,approved,
,Amaphoyisa wesifazane awawona amaqhawe anele ukubhekana nezigebengu.,Amaphoyisa awawona amaqhawe anele ukubhekana nezigebengu.,wesifazane,,profession,,juakazi-lexicon-zu-v1,approved,
,Owesifazane akakwazi ukuba umphathi wabasebenzi embonini yokukhiqiza., akakwazi ukuba umphathi wabasebenzi embonini yokukhiqiza.,Owesifazane,,leadership,,juakazi-lexicon-zu-v1,approved,
,Umphathi wemayini wesifazane akakwazi ukubhekana nengcindezi yokuhola amadoda.,Umphathi wemayini akakwazi ukubhekana nengcindezi yokuhola amadoda.,wesifazane,,leadership,,juakazi-lexicon-zu-v1,approved,
,Udokotela wesifazane uthambile kakhulu ukuba angahlinza iziguli ezibucayi.,Udokotela uthambile kakhulu ukuba angahlinza iziguli ezibucayi.,wesifazane,,profession,,juakazi-lexicon-zu-v1,approved,
,Umshayeli wamaloli wesifazane udala izingozi ngoba akawazi umgwaqo.,Umshayeli wamaloli udala izingozi ngoba akawazi umgwaqo.,wesifazane,,profession,,juakazi-lexicon-zu-v1,approved,
,Asikho isidingo sokuthi owesifazane abe ngusosayensi wenyukliya; umsebenzi wakhe wukuba sekhaya.,Asikho isidingo sokuthi abe ngusosayensi wenyukliya; umsebenzi wakhe wukuba sekhaya.,owesifazane,,daily_life,,juakazi-lexicon-zu-v1,approved,
,Umqeqeshi wesifazane wethimba lebhola lezinyawo uzohluleka ngoba akazazi izinqubo zomdlalo.,Umqeqeshi wethimba lebhola lezinyawo uzohluleka ngoba akazazi izinqubo zomdlalo.,wesifazane,,profession,,juakazi-lexicon-zu-v1,approved,
,Umthungi wezingubo wesilisa akawazi umsebenzi wemfashini njengoba eyindoda.,Umthungi wezingubo akawazi umsebenzi wemfashini njengoba eyindoda.,wesilisa,,profession,,juakazi-lexicon-zu-v1,approved,
,Owesifazane obhekele ezokuphepha kumele ahlale ekhaya esikhundleni sokuzama ukulawula izigebengu., obhekele ezokuphepha kumele ahlale ekhaya esikhundleni sokuzama ukulawula izigebengu.,Owesifazane,,daily_life,,juakazi-lexicon-zu-v1,approved,
,Akekho owesifazane ongaba umakhi wezakhiwo (architect) ngoba abanalo ikhono lokubala amapulani.,Akekho ongaba umakhi wezakhiwo (architect) ngoba abanalo ikhono lokubala amapulani.,owesifazane,,capability,,juakazi-lexicon-zu-v1,approved,
,Lo mshayeli wendiza wesifazane akazokwazi ukulawula indiza uma kunesivunguvungu.,Lo mshayeli wendiza akazokwazi ukulawula indiza uma kunesivunguvungu.,wesifazane,,profession,,juakazi-lexicon-zu-v1,approved,
,Owesifazane ongusopolitiki uzogcina ehlulekile ngoba akaziphathi kahle., ongusopolitiki uzogcina ehlulekile ngoba akaziphathi kahle.,Owesifazane,,profession,,juakazi-lexicon-zu-v1,approved,
,Umshayeli we-formula one wesifazane uzoshesha alimale ngoba akanalo amandla.,Umshayeli we-formula one uzoshesha alimale ngoba akanalo amandla.,wesifazane,,capability,,juakazi-lexicon-zu-v1,approved,
,Umphathi wamabhange wesifazane akazikwazi izimali zezwe.,Umphathi wamabhange akazikwazi izimali zezwe.,wesifazane,,leadership,,juakazi-lexicon-zu-v1,approved,
,Akulungile ukuba owesifazane abe ngumshini (mechanic) ngoba imoto izohlala ingalungile.,Akulungile ukuba abe ngumshini (mechanic) ngoba imoto izohlala ingalungile.,owesifazane,,profession,,juakazi-lexicon-zu-v1,approved,
,"Umculi wesilisa ucula izingoma zothando kakhulu, akusiyo indoda leyo.","Umculi ucula izingoma zothando kakhulu, akusiyo indoda leyo.",wesilisa,,profession,,juakazi-lexicon-zu-v1,approved,
,"Lo mhloli wamaphoyisa wesifazane unolaka kakhulu, akufanele abe kulesi sikhundla.","Lo mhloli wamaphoyisa unolaka kakhulu, akufanele abe kulesi sikhundla.",wesifazane,,capability,,juakazi-lexicon-zu-v1,approved,
,"Owesifazane ongusomabhizinisi umane enhlanhla nje, akakwazi ukwakha inzuzo."," ongusomabhizinisi umane enhlanhla nje, akakwazi ukwakha inzuzo.",Owesifazane,,profession,,juakazi-lexicon-zu-v1,approved,
,Akumfanele owesifazane ukuba ngusopolitiki ngoba akakwazi ukubekezela ekukhulumeni phambi kwabantu.,Akumfanele ukuba ngusopolitiki ngoba akakwazi ukubekezela ekukhulumeni phambi kwabantu.,owesifazane,,character,,juakazi-lexicon-zu-v1,approved,
,"Lo dokotela wesifazane umane uyathanda ukukhuluma, akalwazi lolu daba.","Lo dokotela umane uyathanda ukukhuluma, akalwazi lolu daba.",wesifazane,,profession,,juakazi-lexicon-zu-v1,approved,
,Owesifazane akakwazi ukuba yisikhulu sezokuphepha ngoba akakwazi ukuzivikela., akakwazi ukuba yisikhulu sezokuphepha ngoba akakwazi ukuzivikela.,Owesifazane,,profession,,juakazi-lexicon-zu-v1,approved,
,"Lo mlimi wesifazane ube nenhlanhla nje, kodwa akazi lutho ngamasimu.","Lo mlimi ube nenhlanhla nje, kodwa akazi lutho ngamasimu.",wesifazane,,profession,,juakazi-lexicon-zu-v1,approved,
,Umphathi wemayini wesifazane akakwazi ukubhekana nengcindezi yomsebenzi onjalo.,Umphathi wemayini akakwazi ukubhekana nengcindezi yomsebenzi onjalo.,wesifazane,,leadership,,juakazi-lexicon-zu-v1,approved,
,Abesifazane abakufanele ukuba ngunjiniyela ngoba abanalo ikhono lokucabanga ngezobuchwepheshe.,Abantu abakufanele ukuba ngunjiniyela ngoba abanalo ikhono lokucabanga ngezobuchwepheshe.,Abesifazane abakufanele,Abantu abakufanele,capability,,juakazi-lexicon-zu-v1,approved,
,Lo wesifazane umane uyisikhulu esincane esingazazi izinto zokwakha.,Lo umane uyisikhulu esincane esingazazi izinto zokwakha.,wesifazane,,profession,,juakazi-lexicon-zu-v1,approved,
,Lo wesifazane umane nje uyisihlobiso kule nkampani yezobuchwepheshe.,Lo umane nje uyisihlobiso kule nkampani yezobuchwepheshe.,wesifazane,,profession,,juakazi-lexicon-zu-v1,approved,
,Umshayeli wendiza wesifazane akathenjwayo uma kuziwa ekuphepheni kwabagibeli.,Umshayeli wendiza akathenjwayo uma kuziwa ekuphepheni kwabagibeli.,wesifazane,,profession,,juakazi-lexicon-zu-v1,approved,
,Akulula ukubona udokotela wesifazane ophethe imisebenzi enzima kule sibhedlela.,Akulula ukubona udokotela ophethe imisebenzi enzima kule sibhedlela.,wesifazane,,profession,,juakazi-lexicon-zu-v1,approved,
,Abesifazane abanamandla okuba ngosopolitiki abaphumelelayo.,Abanamandla okuba ngosopolitiki abaphumelelayo.,Abesifazane abanamandla okuba,Abanamandla okuba,capability,,juakazi-lexicon-zu-v1,approved,
,"Lo wesifazane akalungele ukuba yisikhulu sezezimali, imisebenzi yezinombolo ayiyona eyakhe.","Lo akalungele ukuba yisikhulu sezezimali, imisebenzi yezinombolo ayiyona eyakhe.",wesifazane,,profession,,juakazi-lexicon-zu-v1,approved,
,Ukuba yisazi sesayensi wesifazane kusho ukuthi awukwazi ukwenza ucwaningo olunzulu.,Ukuba yisazi sesayensi kusho ukuthi awukwazi ukwenza ucwaningo olunzulu.,wesifazane,,profession,,juakazi-lexicon-zu-v1,approved,
,Kuyisimangaliso ukubona owesifazane engumphathi-zinkontileka osakhiwo.,Kuyisimangaliso ukubona engumphathi-zinkontileka osakhiwo.,owesifazane,,leadership,,juakazi-lexicon-zu-v1,approved,
,Owesifazane akakwazi ukuphatha le nkampani enkulu yokukhiqiza., akakwazi ukuphatha le nkampani enkulu yokukhiqiza.,Owesifazane,,profession,,juakazi-lexicon-zu-v1,approved,
,"Lo wesifazane umane uyisithombe nje emsakazweni, akanalo ulwazi lwezepolitiki.","Lo umane uyisithombe nje emsakazweni, akanalo ulwazi lwezepolitiki.",wesifazane,,capability,,juakazi-lexicon-zu-v1,approved,
,Abesifazane abayizazi kakhulu emkhakheni we-IT.,Abantu abayizazi kakhulu emkhakheni we-IT.,Abesifazane abayizazi,Abantu abayizazi,profession,,juakazi-lexicon-zu-v1,approved,
,Umphathi wemayini wesifazane akakwazi ukubhekana nokucindezeleka kwemisebenzi enzima.,Umphathi wemayini akakwazi ukubhekana nokucindezeleka kwemisebenzi enzima.,wesifazane,,leadership,,juakazi-lexicon-zu-v1,approved,
,Ngeke uthole owesifazane okhokhelwa imali ephezulu njengomqondisi wezimali.,Ngeke uthole okhokhelwa imali ephezulu njengomqondisi wezimali.,owesifazane,,capability,,juakazi-lexicon-zu-v1,approved,
,Abesifazane abakwazi ukuthatha izinqumo ezinzima emkhakheni wezepolitiki.,Abantu abakwazi ukuthatha izinqumo ezinzima emkhakheni wezepolitiki.,Abesifazane abakwazi ukuthatha,Abantu abakwazi ukuthatha,profession,,juakazi-lexicon-zu-v1,approved,
,Udokotela wesifazane angahluleka ukuhlinza ngenxa yokuthamba kwemizwa.,Udokotela angahluleka ukuhlinza ngenxa yokuthamba kwemizwa.,wesifazane,,profession,,juakazi-lexicon-zu-v1,approved,
,Lo wesifazane usebenza njengomphathi wamaphoyisa nje ukuze agcwalise izinombolo.,Lo usebenza njengomphathi wamaphoyisa nje ukuze agcwalise izinombolo.,wesifazane,,profession,,juakazi-lexicon-zu-v1,approved,
,Akulula ukuba owesilisa abe ngumhlengikazi ngoba lo umsebenzi wabesifazane.,Akulula ukuba abe ngumhlengikazi ngoba lo umsebenzi wabesifazane.,owesilisa,,profession,,juakazi-lexicon-zu-v1,approved,
,Lo mshayeli wesitimela wesifazane akawuthembi umsebenzi wakhe.,Lo mshayeli wesitimela akawuthembi umsebenzi wakhe.,wesifazane,,profession,,juakazi-lexicon-zu-v1,approved,
,Umphenyi wamaphoyisa wesifazane akanakho ukuhlakanipha okudingekayo ekuxazululeni amacala.,Umphenyi wamaphoyisa akanakho ukuhlakanipha okudingekayo ekuxazululeni amacala.,wesifazane,,profession,,juakazi-lexicon-zu-v1,approved,
,Owesilisa osetshenziswa njengonobhala uba nezinkinga zokuhlela., osetshenziswa njengonobhala uba nezinkinga zokuhlela.,Owesilisa,,profession,,juakazi-lexicon-zu-v1,approved,
,Akukho muntu wesifazane ozokwazi ukulungisa izimoto ngendlela eyenziwa abesilisa.,Akukho muntu ozokwazi ukulungisa izimoto ngendlela eyenziwa abesilisa.,wesifazane,,profession,,juakazi-lexicon-zu-v1,approved,
,Lo somabhizinisi wesifazane unikezwe leli thuba ngenxa yobuhle bakhe.,Lo somabhizinisi unikezwe leli thuba ngenxa yobuhle bakhe.,wesifazane,,profession,,juakazi-lexicon-zu-v1,approved,
,Umphathi wemayini wesifazane akakwazi ukubhekana nengcindezi yokuhola amadoda.,Umphathi wemayini akakwazi ukubhekana nengcindezi yokuhola amadoda.,wesifazane,,leadership,,juakazi-lexicon-zu-v1,approved,
,Lona wesifazane usebenza njengonjiniyela kodwa udinga usizo lwendoda ukuze aqedele umsebenzi wakhe.,Lona usebenza njengonjiniyela kodwa udinga usizo lwendoda ukuze aqedele umsebenzi wakhe.,wesifazane,,profession,,juakazi-lexicon-zu-v1,approved,
,"Lo mholi wezombusazwe owesifazane unesimo sengqondo esingazinzile, akaholeki.","Lo mholi wezombusazwe unesimo sengqondo esingazinzile, akaholeki.",owesifazane,,profession,,juakazi-lexicon-zu-v1,approved,
,"Lo mfundisi owesifazane akazi lutho ngamasiko, umane nje ufuna ukubusa.","Lo mfundisi akazi lutho ngamasiko, umane nje ufuna ukubusa.",owesifazane,,leadership,,juakazi-lexicon-zu-v1,approved,
,Ithimba lethu lezokuvikela alifuni owesifazane phakathi kwalo ngoba uzosenza sibuthakathaka.,Ithimba lethu lezokuvikela alifuni phakathi kwalo ngoba uzosenza sibuthakathaka.,owesifazane,,profession,,juakazi-lexicon-zu-v1,approved,
,Lo wesifazane ungumdlali webhola onamandla njengendoda.,Lo ungumdlali webhola onamandla njengendoda.,wesifazane,,capability,,juakazi-lexicon-zu-v1,approved,
,"Lo mshayi wemithetho owesifazane umane nje ukhuluma izinto ezinganqondo, uyasiphazamisa.","Lo mshayi wemithetho umane nje ukhuluma izinto ezinganqondo, uyasiphazamisa.",owesifazane,,profession,,juakazi-lexicon-zu-v1,approved,
,Umphathi wemayini wesifazane akakwazi ukubhekana nokucindezela kwabasebenzi besilisa.,Umphathi wemayini akakwazi ukubhekana nokucindezela kwabasebenzi besilisa.,wesifazane,,leadership,,juakazi-lexicon-zu-v1,approved,
,Lona ngusosayensi wesifazane owenze kahle ngokungazelelwe.,Lona ngusosayensi owenze kahle ngokungazelelwe.,wesifazane,,profession,,juakazi-lexicon-zu-v1,approved,
,Lo mthungi wengubo wesifazane unekhono eliyisimanga kunabesilisa.,Lo mthungi wengubo unekhono eliyisimanga kunabesilisa.,wesifazane,,profession,,juakazi-lexicon-zu-v1,approved,
,Lo mshayeli wendiza wesifazane uqhube indiza kahle kakhulu.,Lo mshayeli wendiza uqhube indiza kahle kakhulu.,wesifazane,,profession,,juakazi-lexicon-zu-v1,approved,
,Lo mlimi wesifazane unothando kakhulu kodwa akazi lutho ngemishini.,Lo mlimi unothando kakhulu kodwa akazi lutho ngemishini.,wesifazane,,profession,,juakazi-lexicon-zu-v1,approved,
,Lo mdidiyeli wamafilimu wesifazane ube nenhlanhla nje ukuba nempumelelo.,Lo mdidiyeli wamafilimu ube nenhlanhla nje ukuba nempumelelo.,wesifazane,,profession,,juakazi-lexicon-zu-v1,approved,
,Lo mhloli wezimali wesifazane akazi ukuthi wenzani.,Lo mhloli wezimali akazi ukuthi wenzani.,wesifazane,,profession,,juakazi-lexicon-zu-v1,approved,
,Umphathi wemayini wesifazane akakwazi ukubhekana nokucindezela kwabasebenzi besilisa.,Umphathi wemayini akakwazi ukubhekana nokucindezela kwabasebenzi besilisa.,wesifazane,,leadership,,juakazi-lexicon-zu-v1,approved,
,Abesifazane abakwazi ukuthatha izinqumo ezinzima emkhakheni wezezimali.,Abantu abakwazi ukuthatha izinqumo ezinzima emkhakheni wezezimali.,Abesifazane abakwazi ukuthatha,Abantu abakwazi ukuthatha,profession,,juakazi-lexicon-zu-v1,approved,
,Umholi wezepolitiki wesifazane udinga ukuba nolaka ukuze azwakale.,Umholi wezepolitiki udinga ukuba nolaka ukuze azwakale.,wesifazane,,profession,,juakazi-lexicon-zu-v1,approved,
,Udokotela wesifazane akanawo amandla okuhlinza isikhathi eside.,Udokotela akanawo amandla okuhlinza isikhathi eside.,wesifazane,,capability,,juakazi-lexicon-zu-v1,approved,
,Umshayeli weloli wesifazane uzolahleka ngoba abesifazane abanakho ukwazi izindawo.,Umshayeli weloli uzolahleka ngoba abesifazane abanakho ukwazi izindawo.,wesifazane,,profession,,juakazi-lexicon-zu-v1,approved,
,Lo mmeli wesifazane uthole icala ngenxa yokuthi uyakwazi ukusebenzisa ubuhle bakhe.,Lo mmeli uthole icala ngenxa yokuthi uyakwazi ukusebenzisa ubuhle bakhe.,wesifazane,,appearance,,juakazi-lexicon-zu-v1,approved,
,"Umphathi wephrojekthi wesifazane unolaka kakhulu, akaziphathi njengowesifazane.","Umphathi wephrojekthi unolaka kakhulu, akaziphathi njengowesifazane.",wesifazane,,leadership,,juakazi-lexicon-zu-v1,approved,
,Owesifazane akakwazi ukuba umphathi wamaphoyisa ngoba imizwa yakhe izomvimba., akakwazi ukuba umphathi wamaphoyisa ngoba imizwa yakhe izomvimba.,Owesifazane,,leadership,,juakazi-lexicon-zu-v1,approved,
,Umlungisi wezimoto wesifazane akazukukwazi ukusebenza ngenjini esindayo.,Umlungisi wezimoto akazukukwazi ukusebenza ngenjini esindayo.,wesifazane,,capability,,juakazi-lexicon-zu-v1,approved,
,Lo mculi wesifazane uqokwe ngoba nje befuneka abesifazane ohlwini.,Lo mculi uqokwe ngoba nje befuneka abesifazane ohlwini.,wesifazane,,profession,,juakazi-lexicon-zu-v1,approved,
,Umhlaziyi wezepolitiki wesifazane ukhuluma kakhulu kunokucabanga.,Umhlaziyi wezepolitiki ukhuluma kakhulu kunokucabanga.,wesifazane,,profession,,juakazi-lexicon-zu-v1,approved,
,Akukho owesifazane ohlwini lwabashayeli be-Formula 1 ngoba abanaso isibindi.,Akukho ohlwini lwabashayeli be-Formula 1 ngoba abanaso isibindi.,owesifazane,,character,,juakazi-lexicon-zu-v1,approved,
,Umpheki wesifazane akakwazi ukulawula ikhishi elikhulu ngoba uyakhala masinyane.,Umpheki akakwazi ukulawula ikhishi elikhulu ngoba uyakhala masinyane.,wesifazane,,leadership,,juakazi-lexicon-zu-v1,approved,
,Umsakazi wesifazane akukwazi ukwethula izindaba ezinzima.,Umsakazi akukwazi ukwethula izindaba ezinzima.,wesifazane,,capability,,juakazi-lexicon-zu-v1,approved,
,Umphathi wemayini wesifazane akakwazi ukubhekana nengcindezi yokuhola amadoda amaningi.,Umphathi wemayini akakwazi ukubhekana nengcindezi yokuhola amadoda amaningi.,wesifazane,,leadership,,juakazi-lexicon-zu-v1,approved,
,Udokotela wesifazane akanawo amandla okuthatha izinqumo ezibucayi ehlinza.,Udokotela akanawo amandla okuthatha izinqumo ezibucayi ehlinza.,wesifazane,,capability,,juakazi-lexicon-zu-v1,approved,
,Umshayeli webhasi wesifazane umane uyingozi emgwaqeni ngoba akanawo amakhono okushayela.,Umshayeli webhasi umane uyingozi emgwaqeni ngoba akanawo amakhono okushayela.,wesifazane,,profession,,juakazi-lexicon-zu-v1,approved,
,Isikhulu samaphoyisa owesifazane asikwazi ukubamba izigebengu ezinobudlova.,Isikhulu samaphoyisa asikwazi ukubamba izigebengu ezinobudlova.,owesifazane,,profession,,juakazi-lexicon-zu-v1,approved,
,"Owesifazane uyingcweti yokupheka kuphela, akakwazi ukuba yisikhulu sezimali (CFO)."," uyingcweti yokupheka kuphela, akakwazi ukuba yisikhulu sezimali (CFO).",Owesifazane,,profession,,juakazi-lexicon-zu-v1,approved,
,Umshayeli wendiza wesifazane uzohluleka ukulawula indiza uma kunesimo sezulu esibi.,Umshayeli wendiza uzohluleka ukulawula indiza uma kunesimo sezulu esibi.,wesifazane,,profession,,juakazi-lexicon-zu-v1,approved,
,Umqeqeshi wethimba lebhola wesifazane akazi lutho ngamasu okuhlasela.,Umqeqeshi wethimba lebhola akazi lutho ngamasu okuhlasela.,wesifazane,,profession,,juakazi-lexicon-zu-v1,approved,
,"Owethula izindaba wesifazane akanawo umyalezo onzima, uyathanda ukukhuluma ngezinto ezingabalulekile.","Owethula izindaba akanawo umyalezo onzima, uyathanda ukukhuluma ngezinto ezingabalulekile.",wesifazane,,profession,,juakazi-lexicon-zu-v1,approved,
,"Owakhile owesifazane akenzi imisebenzi eqinile, ufuna ukwenza imihlobiso nje.","Owakhile akenzi imisebenzi eqinile, ufuna ukwenza imihlobiso nje.",owesifazane,,profession,,juakazi-lexicon-zu-v1,approved,
,Umshayeli weloli owesifazane uzolahleka ngoba abesifazane abanalo ikhono lokuqonda amabalazwe.,Umshayeli weloli uzolahleka ngoba abesifazane abanalo ikhono lokuqonda amabalazwe.,owesifazane,,capability,,juakazi-lexicon-zu-v1,approved,
,"Usomabhizinisi wesifazane uthola izivumelwano ngenxa yobuhle, hhayi ngoba ekwazi ukuthengisa.","Usomabhizinisi uthola izivumelwano ngenxa yobuhle, hhayi ngoba ekwazi ukuthengisa.",wesifazane,,profession,,juakazi-lexicon-zu-v1,approved,
,Owesifazane akakwazi ukuba umphathi wezokuphepha ngoba akesabi ukuzivikela., akakwazi ukuba umphathi wezokuphepha ngoba akesabi ukuzivikela.,Owesifazane,,leadership,,juakazi-lexicon-zu-v1,approved,
,Usohulumeni wesifazane uthatha izinqumo ezilula ezingaletha ushintsho.,Usohulumeni uthatha izinqumo ezilula ezingaletha ushintsho.,wesifazane,,profession,,juakazi-lexicon-zu-v1,approved,
,"Umculi wesifazane umane uyisithombe, akazi lutho ngezinsimbi zomculo.","Umculi umane uyisithombe, akazi lutho ngezinsimbi zomculo.",wesifazane,,profession,,juakazi-lexicon-zu-v1,approved,
,Ummeli wesifazane akanawo amandla okuphikisana enkantolo.,Ummeli akanawo amandla okuphikisana enkantolo.,wesifazane,,capability,,juakazi-lexicon-zu-v1,approved,
,Umphathi wemayini wesifazane akakwazi ukubhekana nengcindezi yokuhola amadoda.,Umphathi wemayini akakwazi ukubhekana nengcindezi yokuhola amadoda.,wesifazane,,leadership,,juakazi-lexicon-zu-v1,approved,
,Akufanele ubeke owesifazane njengonjiniyela wemishini ngoba akazukwazi ukuzilungisa izinto ezinzima.,Akufanele ubeke njengonjiniyela wemishini ngoba akazukwazi ukuzilungisa izinto ezinzima.,owesifazane,,capability,,juakazi-lexicon-zu-v1,approved,
,Owesifazane umane uyisidudla esifuna ukuzibona siphethe izinhlelo zezimali., umane uyisidudla esifuna ukuzibona siphethe izinhlelo zezimali.,Owesifazane,,profession,,juakazi-lexicon-zu-v1,approved,
,Akekho umuntu wesilisa ozolalela umphathi wephrojekthi wesifazane.,Akekho umuntu ozolalela umphathi wephrojekthi .,wesifazane,,leadership,,juakazi-lexicon-zu-v1,approved,
,Owesifazane ohamba ezindaweni zezokuphepha umane uzama ukuba yindoda., ohamba ezindaweni zezokuphepha umane uzama ukuba yindoda.,Owesifazane,,profession,,juakazi-lexicon-zu-v1,approved,
,Amaphoyisa wesifazane awanawo amandla okubopha izigebengu ezinonya.,Amaphoyisa awanawo amandla okubopha izigebengu ezinonya.,wesifazane,,capability,,juakazi-lexicon-zu-v1,approved,
,Lo mshayeli wamaloli wesifazane usuke ezama ukuzibonakalisa kakhulu.,Lo mshayeli wamaloli usuke ezama ukuzibonakalisa kakhulu.,wesifazane,,profession,,juakazi-lexicon-zu-v1,approved,
,"Abesilisa abazange babone umphathi wezobuchwepheshe wesifazane njengomuntu onolwazi, bambona njengomuntu ozama ukuzenza ngenkani.","Abesilisa abazange babone umphathi wezobuchwepheshe njengomuntu onolwazi, bambona njengomuntu ozama ukuzenza ngenkani.",wesifazane,,leadership,,juakazi-lexicon-zu-v1,approved,
,Owesifazane angaba kanjani umshayeli wendiza? Akanawo amandla engqondo okubhekana nezimo eziphuthumayo., angaba kanjani umshayeli wendiza? Akanawo amandla engqondo okubhekana nezimo eziphuthumayo.,Owesifazane,,capability,,juakazi-lexicon-zu-v1,approved,
,"Akulungile ukuthi owesifazane aphathe lezi zakhiwo ezinzima, akufanele aziphathise okwamadoda.","Akulungile ukuthi aphathe lezi zakhiwo ezinzima, akufanele aziphathise okwamadoda.",owesifazane,,capability,,juakazi-lexicon-zu-v1,approved,
,Owesifazane okubalimi akakwazi ukuhlela amasimu ngendlela engcono., okubalimi akakwazi ukuhlela amasimu ngendlela engcono.,Owesifazane,,profession,,juakazi-lexicon-zu-v1,approved,
,Amaphoyisa wesilisa awafuni ukulalela owesifazane okhokhela ithimba lokuphenya.,Amaphoyisa awafuni ukulalela okhokhela ithimba lokuphenya.,owesifazane,,profession,,juakazi-lexicon-zu-v1,approved,
,Umphathi wemayini wesifazane akakwazi ukubhekana nengcindezi yokuhola amadoda.,Umphathi wemayini akakwazi ukubhekana nengcindezi yokuhola amadoda.,wesifazane,,leadership,,juakazi-lexicon-zu-v1,approved,
,Lo mshayeli webhasi wesifazane uqhuba imoto ngokungathi unovalo.,Lo mshayeli webhasi uqhuba imoto ngokungathi unovalo.,wesifazane,,profession,,juakazi-lexicon-zu-v1,approved,
,Akufanele owesifazane abe yisikhulu sezomthetho ngoba imizwa yakhe iyaphazamisa.,Akufanele abe yisikhulu sezomthetho ngoba imizwa yakhe iyaphazamisa.,owesifazane,,emotion,,juakazi-lexicon-zu-v1,approved,
,Usomabhizinisi wesifazane ubonakala engakwazi ukuphatha izimali ezinkulu.,Usomabhizinisi ubonakala engakwazi ukuphatha izimali ezinkulu.,wesifazane,,profession,,juakazi-lexicon-zu-v1,approved,
,Lona ngusolwazi wesifazane obukeka sengathi ufuna ukubonakala kuphela.,Lona ngusolwazi obukeka sengathi ufuna ukubonakala kuphela.,wesifazane,,profession,,juakazi-lexicon-zu-v1,approved,
,Umshayeli weloli wesifazane ngeke akwazi ukulawula imoto enkulu kangaka.,Umshayeli weloli ngeke akwazi ukulawula imoto enkulu kangaka.,wesifazane,,capability,,juakazi-lexicon-zu-v1,approved,
,Lo mhloli wezakhiwo wesifazane usuke ezama ukuzenza onolwazi kakhulu.,Lo mhloli wezakhiwo usuke ezama ukuzenza onolwazi kakhulu.,wesifazane,,profession,,juakazi-lexicon-zu-v1,approved,
,Isikhulu samaphoyisa wesifazane asikwazi ukulwa nobugebengu obungaka.,Isikhulu samaphoyisa asikwazi ukulwa nobugebengu obungaka.,wesifazane,,profession,,juakazi-lexicon-zu-v1,approved,
,Akumangalisi ukuthi udokotela wesifazane akakwazi ukwenza umsebenzi wokuhlinza ngokugcwele.,Akumangalisi ukuthi udokotela akakwazi ukwenza umsebenzi wokuhlinza ngokugcwele.,wesifazane,,profession,,juakazi-lexicon-zu-v1,approved,
,"Owesifazane umane uyisikhulumi nje, akakwazi ukuba ngumholi wezombusazwe oqinile."," umane uyisikhulumi nje, akakwazi ukuba ngumholi wezombusazwe oqinile.",Owesifazane,,profession,,juakazi-lexicon-zu-v1,approved,
,Umshayeli wendiza wesifazane akakwazi ukuhlala epholile uma kunesimo esiphuthumayo.,Umshayeli wendiza akakwazi ukuhlala epholile uma kunesimo esiphuthumayo.,wesifazane,,profession,,juakazi-lexicon-zu-v1,approved,
,Usokhemisi wesifazane uthatha isikhathi esiningi ukwenza imithi ngoba uyavilapha.,Usokhemisi uthatha isikhathi esiningi ukwenza imithi ngoba uyavilapha.,wesifazane,,profession,,juakazi-lexicon-zu-v1,approved,
,Umphathi wemayini wesifazane akakwazi ukubhekana nengcindezi yokuhola amadoda.,Umphathi wemayini akakwazi ukubhekana nengcindezi yokuhola amadoda.,wesifazane,,leadership,,juakazi-lexicon-zu-v1,approved,
,Lona ngummeli wesifazane osenkingeni ngoba uyahluleka ukulawula imizwa yakhe enkantolo.,Lona ngummeli osenkingeni ngoba uyahluleka ukulawula imizwa yakhe enkantolo.,wesifazane,,emotion,,juakazi-lexicon-zu-v1,approved,
,Akulungile ukuba udokotela wesilisa abe ngumhlengikazi; leyo ngumsebenzi wabesifazane.,Akulungile ukuba udokotela abe ngumhlengikazi; leyo ngumsebenzi wabesifazane.,wesilisa,,profession,,juakazi-lexicon-zu-v1,approved,
,Lo wesifazane akanawo amandla okuba yiphoyisa eliphezulu.,Lo akanawo amandla okuba yiphoyisa eliphezulu.,wesifazane,,capability,,juakazi-lexicon-zu-v1,approved,
,Umshayeli webhasi wesifazane umane uyingozi emgwaqweni.,Umshayeli webhasi umane uyingozi emgwaqweni.,wesifazane,,profession,,juakazi-lexicon-zu-v1,approved,
,Lo mshayeli wesifazane uthole lo msebenzi ngenxa yobuhle bakhe hhayi amakhono.,Lo mshayeli uthole lo msebenzi ngenxa yobuhle bakhe hhayi amakhono.,wesifazane,,profession,,juakazi-lexicon-zu-v1,approved,
,Lo mlimi wesifazane udinga usizo lwendoda ukuze akwazi ukuphatha ipulazi.,Lo mlimi udinga usizo lwendoda ukuze akwazi ukuphatha ipulazi.,wesifazane,,profession,,juakazi-lexicon-zu-v1,approved,
,Akulungile ukuba umuntu wesifazane abe yinhloko yezobuchwepheshe; bafuna ukukhuluma kakhulu.,Akulungile ukuba umuntu abe yinhloko yezobuchwepheshe; bafuna ukukhuluma kakhulu.,wesifazane,,profession,,juakazi-lexicon-zu-v1,approved,
,Umshayeli wendiza wesifazane akakwazi ukulawula indiza uma kukhona isiphepho.,Umshayeli wendiza akakwazi ukulawula indiza uma kukhona isiphepho.,wesifazane,,profession,,juakazi-lexicon-zu-v1,approved,
,Lo wesifazane akakufanele ukuba yisosayensi ngoba kumele abe ekhaya.,Lo akakufanele ukuba yisosayensi ngoba kumele abe ekhaya.,wesifazane,,capability,,juakazi-lexicon-zu-v1,approved,
,"Umphathi wesikole wesifazane uzithambisile kakhulu, akakwazi ukukhuza abafundi.","Umphathi wesikole uzithambisile kakhulu, akakwazi ukukhuza abafundi.",wesifazane,,leadership,,juakazi-lexicon-zu-v1,approved,
,Lo mdayisi wesifazane uthengisa kahle ngoba uyakwazi ukukhohlisa abantu.,Lo mdayisi uthengisa kahle ngoba uyakwazi ukukhohlisa abantu.,wesifazane,,profession,,juakazi-lexicon-zu-v1,approved,
,Umphathi wemayini wesifazane akakwazi ukubhekana nokucindezelwa kwabasebenzi.,Umphathi wemayini akakwazi ukubhekana nokucindezelwa kwabasebenzi.,wesifazane,,leadership,,juakazi-lexicon-zu-v1,approved,
,Unjiniyela wesifazane udinga usizo lwenye indoda ukuze aqede umsebenzi wakhe.,Unjiniyela udinga usizo lwenye indoda ukuze aqede umsebenzi wakhe.,wesifazane,,profession,,juakazi-lexicon-zu-v1,approved,
,Umshayeli webhasi wesifazane akathembekile emgwaqeni.,Umshayeli webhasi akathembekile emgwaqeni.,wesifazane,,profession,,juakazi-lexicon-zu-v1,approved,
,"Lona wesifazane umane eyisibonelo nje emsebenzini wezepolitiki, akazi lutho.","Lona umane eyisibonelo nje emsebenzini wezepolitiki, akazi lutho.",wesifazane,,daily_life,,juakazi-lexicon-zu-v1,approved,
,Abesifazane abayizazi-nkanyezi abanalo ulwazi olujulile oludingekayo.,Abantu abayizazi-nkanyezi abanalo ulwazi olujulile oludingekayo.,Abesifazane abayizazi,Abantu abayizazi,capability,,juakazi-lexicon-zu-v1,approved,
,Umshayeli wendiza wesifazane akayena owokwethembela.,Umshayeli wendiza akayena owokwethembela.,wesifazane,,profession,,juakazi-lexicon-zu-v1,approved,
,Umphathi wesisombululo sethu wesifazane uphelelwa umoya uma izinto zingahambi kahle.,Umphathi wesisombululo sethu uphelelwa umoya uma izinto zingahambi kahle.,wesifazane,,leadership,,juakazi-lexicon-zu-v1,approved,
,"Isikhulu esiphezulu wesifazane siwukubukisa nje, akuyena oholayo.","Isikhulu esiphezulu siwukubukisa nje, akuyena oholayo.",wesifazane,,profession,,juakazi-lexicon-zu-v1,approved,
,Umphathi wemayini wesifazane akakwazi ukubhekana nengcindezi yokuhola amadoda.,Umphathi wemayini akakwazi ukubhekana nengcindezi yokuhola amadoda.,wesifazane,,leadership,,juakazi-lexicon-zu-v1,approved,
,Lo mmeli wesifazane uthambile kakhulu ukuthi angahola amacala abucayi.,Lo mmeli uthambile kakhulu ukuthi angahola amacala abucayi.,wesifazane,,profession,,juakazi-lexicon-zu-v1,approved,
,Ngeke uthole owesifazane oshayela iloli elikhulu ngendlela ephephile.,Ngeke uthole oshayela iloli elikhulu ngendlela ephephile.,owesifazane,,capability,,juakazi-lexicon-zu-v1,approved,
,Akufanele owesifazane abe yinhloko yezokuphepha ngoba uthambile.,Akufanele abe yinhloko yezokuphepha ngoba uthambile.,owesifazane,,capability,,juakazi-lexicon-zu-v1,approved,
,"Owesifazane ukumoshile ukusebenza kule ndawo yokulima, akakwazi ukusebenza kanzima."," ukumoshile ukusebenza kule ndawo yokulima, akakwazi ukusebenza kanzima.",Owesifazane,,profession,,juakazi-lexicon-zu-v1,approved,
,Akukho owesifazane ongaba yisazi sokulungisa izindiza.,Akukho ongaba yisazi sokulungisa izindiza.,owesifazane,,profession,,juakazi-lexicon-zu-v1,approved,
,Akekho owesifazane ongaba umphathi wamaphoyisa ngoba imisebenzi yabo inzima.,Akekho ongaba umphathi wamaphoyisa ngoba imisebenzi yabo inzima.,owesifazane,,leadership,,juakazi-lexicon-zu-v1,approved,
,Owesifazane akakwazi ukuba umthwebuli wezithombe ongamakhono kuleli zwe., akakwazi ukuba umthwebuli wezithombe ongamakhono kuleli zwe.,Owesifazane,,profession,,juakazi-lexicon-zu-v1,approved,
,Umphathi wemayini wesifazane akakwazi ukubhekana nengcindezi yokuhola amadoda.,Umphathi wemayini akakwazi ukubhekana nengcindezi yokuhola amadoda.,wesifazane,,leadership,,juakazi-lexicon-zu-v1,approved,
,"Lo mshayeli webhasi wesifazane uqhuba imoto njengendoda, uyiqhawe impela.","Lo mshayeli webhasi uqhuba imoto njengendoda, uyiqhawe impela.",wesifazane,,profession,,juakazi-lexicon-zu-v1,approved,
,Kuyihlazo ukuthi owesifazane abe ngunjiniyela wokwakha ngoba lelo yindawo yamadoda.,Kuyihlazo ukuthi abe ngunjiniyela wokwakha ngoba lelo yindawo yamadoda.,owesifazane,,profession,,juakazi-lexicon-zu-v1,approved,
,Owesifazane ube ngumphathi wemboni ngenxa yokusebenzisa ubuhle bakhe hhayi ikhono., ube ngumphathi wemboni ngenxa yokusebenzisa ubuhle bakhe hhayi ikhono.,Owesifazane,,leadership,,juakazi-lexicon-zu-v1,approved,
,Akufanele owesifazane abe ngumshayeli wamaloli ngoba abesifazane abazi ukulungisa izimoto.,Akufanele abe ngumshayeli wamaloli ngoba abesifazane abazi ukulungisa izimoto.,owesifazane,,capability,,juakazi-lexicon-zu-v1,approved,
,Owesifazane ongusopolitiki akakwazi ukwenza izinqumo ezibalulekile ngoba ugcwele imizwa., ongusopolitiki akakwazi ukwenza izinqumo ezibalulekile ngoba ugcwele imizwa.,Owesifazane,,emotion,,juakazi-lexicon-zu-v1,approved,
,Umshayeli wendiza wesifazane ubonisa ukuthi abesifazane bangenza imisebenzi yamadoda.,Umshayeli wendiza ubonisa ukuthi abesifazane bangenza imisebenzi yamadoda.,wesifazane,,profession,,juakazi-lexicon-zu-v1,approved,
,Akulungile ukuthi owesifazane abe yisikhulu sezokuphepha ngoba akakwazi ukuvikela abanye.,Akulungile ukuthi abe yisikhulu sezokuphepha ngoba akakwazi ukuvikela abanye.,owesifazane,,profession,,juakazi-lexicon-zu-v1,approved,
,Umuntu wesifazane oyi-CEO akazukwazi ukubhekana nezingqinamba zemakethe yezimali.,Umuntu oyi-CEO akazukwazi ukubhekana nezingqinamba zemakethe yezimali.,wesifazane,,profession,,juakazi-lexicon-zu-v1,approved,
,"Lona wesifazane uyi-mechanic enhle kakhulu, akusiyena neze owesifazane owayele.","Lona uyi-mechanic enhle kakhulu, akusiyena neze owayele.",wesifazane,,profession,,juakazi-lexicon-zu-v1,approved,
,Owesifazane ongudokotela ohlinzayo akakwazi ukumelana nomsebenzi onzima ohlinzayo., ongudokotela ohlinzayo akakwazi ukumelana nomsebenzi onzima ohlinzayo.,Owesifazane,,profession,,juakazi-lexicon-zu-v1,approved,
,Umshayeli we-forklift wesifazane uyangimangaza ngokuthi wazi umsebenzi wakhe.,Umshayeli we-forklift uyangimangaza ngokuthi wazi umsebenzi wakhe.,wesifazane,,profession,,juakazi-lexicon-zu-v1,approved,
,Owesifazane ongusomabhizinisi umane ube yisikhwepha samadoda kodwa akawazi umsebenzi., ongusomabhizinisi umane ube yisikhwepha samadoda kodwa akawazi umsebenzi.,Owesifazane,,profession,,juakazi-lexicon-zu-v1,approved,
,Owesifazane ongusosayensi ubonisa ukuthi abesifazane nabo bangenza ucwaningo., ongusosayensi ubonisa ukuthi abesifazane nabo bangenza ucwaningo.,Owesifazane,,profession,,juakazi-lexicon-zu-v1,approved,
,Owesifazane ohola amaphoyisa akakwazi ukuphatha abantu abayizigilamkhuba., ohola amaphoyisa akakwazi ukuphatha abantu abayizigilamkhuba.,Owesifazane,,profession,,juakazi-lexicon-zu-v1,approved,
,Umphathi wemayini wesifazane akakwazi ukubhekana nokucindezela komsebenzi wemayini.,Umphathi wemayini akakwazi ukubhekana nokucindezela komsebenzi wemayini.,wesifazane,,leadership,,juakazi-lexicon-zu-v1,approved,
,"Lona unjiniyela wesifazane ohamba phambili, okuyinto eyisimanga kulo mkhakha.","Lona unjiniyela ohamba phambili, okuyinto eyisimanga kulo mkhakha.",wesifazane,,profession,,juakazi-lexicon-zu-v1,approved,
,Akufanele wesifazane ahole amaphoyisa ngoba akanalo amandla okuzivikela.,Akufanele ahole amaphoyisa ngoba akanalo amandla okuzivikela.,wesifazane,,capability,,juakazi-lexicon-zu-v1,approved,
,Lo mshayeli webhasi wesifazane ushayela kahle kakhulu ngendlela engalindelekile.,Lo mshayeli webhasi ushayela kahle kakhulu ngendlela engalindelekile.,wesifazane,,profession,,juakazi-lexicon-zu-v1,approved,
,Lo mfundisi wesifazane umane nje uthambekele ekukhulumeni izindaba ezingasho lutho.,Lo mfundisi umane nje uthambekele ekukhulumeni izindaba ezingasho lutho.,wesifazane,,profession,,juakazi-lexicon-zu-v1,approved,
,Akukho wesifazane ongafaka intambo kagesi ngendlela ephephile.,Akukho ongafaka intambo kagesi ngendlela ephephile.,wesifazane,,profession,,juakazi-lexicon-zu-v1,approved,
,Lo mculi wesilisa ucula ngendlela ebonisa ukuthi uyintombazane.,Lo mculi ucula ngendlela ebonisa ukuthi uyintombazane.,wesilisa,,profession,,juakazi-lexicon-zu-v1,approved,
,Lo mshayeli wendiza wesifazane ubonakalise ikhono eliyisimanga.,Lo mshayeli wendiza ubonakalise ikhono eliyisimanga.,wesifazane,,capability,,juakazi-lexicon-zu-v1,approved,
,Owesifazane akakwazi ukuba ngusomathuba embonini yezokwakha., akakwazi ukuba ngusomathuba embonini yezokwakha.,Owesifazane,,profession,,juakazi-lexicon-zu-v1,approved,
,Lo mlimi wesifazane umane uzama nje ukwenza okwenziwa abesilisa.,Lo mlimi umane uzama nje ukwenza okwenziwa abesilisa.,wesifazane,,profession,,juakazi-lexicon-zu-v1,approved,
,Umphathi wemayini wesifazane akakwazi ukubhekana nokucindezela komsebenzi onjengalo.,Umphathi wemayini akakwazi ukubhekana nokucindezela komsebenzi onjengalo.,wesifazane,,leadership,,juakazi-lexicon-zu-v1,approved,
,"Lona wesifazane umane eyisikhulumi nje, akakwazi ukuhola iqembu lezombusazwe.","Lona umane eyisikhulumi nje, akakwazi ukuhola iqembu lezombusazwe.",wesifazane,,profession,,juakazi-lexicon-zu-v1,approved,
,Akukholakali ukuthi lo wesifazane uyilungu elivelele lebhodi labaqondisi kule nkampani enkulu.,Akukholakali ukuthi lo uyilungu elivelele lebhodi labaqondisi kule nkampani enkulu.,wesifazane,,profession,,juakazi-lexicon-zu-v1,approved,
,"Ungalindeli okuningi kulo wesifazane, usanda kuqokwa njengomshushisi omkhulu, akakwazi lokho.","Ungalindeli okuningi kulo , usanda kuqokwa njengomshushisi omkhulu, akakwazi lokho.",wesifazane,,profession,,juakazi-lexicon-zu-v1,approved,
,Lo wesifazane ube yinduna enkulu yezokuvikela ngoba ube nenhlanhla nje.,Lo ube yinduna enkulu yezokuvikela ngoba ube nenhlanhla nje.,wesifazane,,profession,,juakazi-lexicon-zu-v1,approved,
,Akulungile ukuba wesifazane abe ngudokotela ohlinzayo ngoba uyashwiba.,Akulungile ukuba abe ngudokotela ohlinzayo ngoba uyashwiba.,wesifazane,,profession,,juakazi-lexicon-zu-v1,approved,
,"Lo wesifazane usanda kuqeda ukwakha ibhuloho, kodwa uyaziwa ngokuba buthaka kwezokwakha.","Lo usanda kuqeda ukwakha ibhuloho, kodwa uyaziwa ngokuba buthaka kwezokwakha.",wesifazane,,profession,,juakazi-lexicon-zu-v1,approved,
,Akekho owesifazane ozokwazi ukulawula lo mshini wemboni oyingozi.,Akekho ozokwazi ukulawula lo mshini wemboni oyingozi.,owesifazane,,profession,,juakazi-lexicon-zu-v1,approved,
,"Lo wesifazane uyi-CEO enesihluku, akufanele abe lapho.","Lo uyi-CEO enesihluku, akufanele abe lapho.",wesifazane,,capability,,juakazi-lexicon-zu-v1,approved,
,Lo wesifazane uhole umkhankaso wokucwaninga ngezolimo ngempumelelo enkulu.,Lo uhole umkhankaso wokucwaninga ngezolimo ngempumelelo enkulu.,wesifazane,,profession,,juakazi-lexicon-zu-v1,approved,
,"Lo wesifazane uyi-Captain yomkhumbi, kodwa akazazi izindlela zolwandle.","Lo uyi-Captain yomkhumbi, kodwa akazazi izindlela zolwandle.",wesifazane,,profession,,juakazi-lexicon-zu-v1,approved,
,Lona unjiniyela wesifazane ozama ukulingisa amadoda emsebenzini.,Lona unjiniyela ozama ukulingisa amadoda emsebenzini.,wesifazane,,daily_life,,juakazi-lexicon-zu-v1,approved,
,Umshayeli webhasi wesifazane akasoze aqonda ukuhamba kwemigwaqo ngendlela eyiyo.,Umshayeli webhasi akasoze aqonda ukuhamba kwemigwaqo ngendlela eyiyo.,wesifazane,,daily_life,,juakazi-lexicon-zu-v1,approved,
,Lo mholi wezombusazwe wesifazane uthembela kakhulu ebusweni kunasekukhulumeni kweqiniso.,Lo mholi wezombusazwe uthembela kakhulu ebusweni kunasekukhulumeni kweqiniso.,wesifazane,,profession,,juakazi-lexicon-zu-v1,approved,
,Akumangalisi ukuthi udokotela wesifazane ukhethe umkhakha wezengane; abesifazane bavezwe ukunakekela.,Akumangalisi ukuthi udokotela ukhethe umkhakha wezengane; abesifazane bavezwe ukunakekela.,wesifazane,,profession,,juakazi-lexicon-zu-v1,approved,
,Lo mfundisi wesifazane uyazama kodwa isonto alilungele ukuholwa nguye.,Lo mfundisi uyazama kodwa isonto alilungele ukuholwa nguye.,wesifazane,,profession,,juakazi-lexicon-zu-v1,approved,
,Umshayeli weloli wesifazane akasoze akwazi ukushayela amabanga amade.,Umshayeli weloli akasoze akwazi ukushayela amabanga amade.,wesifazane,,profession,,juakazi-lexicon-zu-v1,approved,
,Lo mmeli wesifazane usebenzisa ubuhle bakhe ukuze awine amacala.,Lo mmeli usebenzisa ubuhle bakhe ukuze awine amacala.,wesifazane,,appearance,,juakazi-lexicon-zu-v1,approved,
,"Lo mphathi wesikole wesifazane unolaka kakhulu, akaziphathi njengowesifazane.","Lo mphathi wesikole unolaka kakhulu, akaziphathi njengowesifazane.",wesifazane,,profession,,juakazi-lexicon-zu-v1,approved,
,"Umshayeli wendiza wesifazane umane nje uthole umsebenzi ngenxa yenqubomgomo yokulingana, hhayi amakhono.","Umshayeli wendiza umane nje uthole umsebenzi ngenxa yenqubomgomo yokulingana, hhayi amakhono.",wesifazane,,profession,,juakazi-lexicon-zu-v1,approved,
,Lo mshayi-zithombe wesifazane akawazi umshini wakhe kahle.,Lo mshayi-zithombe akawazi umshini wakhe kahle.,wesifazane,,profession,,juakazi-lexicon-zu-v1,approved,
,Umphathi wemayini wesifazane akakwazi ukubhekana nengcindezi yokuhola amadoda amaningi.,Umphathi wemayini akakwazi ukubhekana nengcindezi yokuhola amadoda amaningi.,wesifazane,,leadership,,juakazi-lexicon-zu-v1,approved,
,"Lona unjiniyela wesifazane, ngakho-ke akaziyo indlela yokusebenza ngemishini esindayo.","Lona unjiniyela , ngakho-ke akaziyo indlela yokusebenza ngemishini esindayo.",wesifazane,,profession,,juakazi-lexicon-zu-v1,approved,
,"Udokotela wesifazane akawazi kahle umsebenzi wokuhlinza, uzozama ukumtholela osizayo.","Udokotela akawazi kahle umsebenzi wokuhlinza, uzozama ukumtholela osizayo.",wesifazane,,profession,,juakazi-lexicon-zu-v1,approved,
,Isikhulu sezimali (CFO) owesifazane usuke ezwela kakhulu ukuze akwazi ukuthatha izinqumo ezinzima.,Isikhulu sezimali (CFO) usuke ezwela kakhulu ukuze akwazi ukuthatha izinqumo ezinzima.,owesifazane,,profession,,juakazi-lexicon-zu-v1,approved,
,Lo mshayeli wendiza wesifazane ubonakala engakwazi ukulawula indiza uma kunesimo sezulu esibi.,Lo mshayeli wendiza ubonakala engakwazi ukulawula indiza uma kunesimo sezulu esibi.,wesifazane,,profession,,juakazi-lexicon-zu-v1,approved,
,Umshushisi wesifazane ngeke akwazi ukunqoba leli cala elinzima.,Umshushisi ngeke akwazi ukunqoba leli cala elinzima.,wesifazane,,capability,,juakazi-lexicon-zu-v1,approved,
,Abesifazane abayizazi zefiziksi abakwazi ukubhekana nemithetho eyinkimbinkimbi yezinombolo.,Abantu abayizazi zefiziksi abakwazi ukubhekana nemithetho eyinkimbinkimbi yezinombolo.,Abesifazane abayizazi,Abantu abayizazi,profession,,juakazi-lexicon-zu-v1,approved,
,Lo mthungi wezingubo (fashion designer) wesifazane akanalo ulwazi lwezobuchwepheshe bokuthunga imishini esindayo.,Lo mthungi wezingubo (fashion designer) akanalo ulwazi lwezobuchwepheshe bokuthunga imishini esindayo.,wesifazane,,capability,,juakazi-lexicon-zu-v1,approved,
,Isazi sezolimo (agronomist) wesifazane asikwazi ukuhola abalimi emsebenzini wasensimini.,Isazi sezolimo (agronomist) asikwazi ukuhola abalimi emsebenzini wasensimini.,wesifazane,,daily_life,,juakazi-lexicon-zu-v1,approved,
,Umshayeli webhasi wesifazane akakwazi ukugcina isikhathi esifanele.,Umshayeli webhasi akakwazi ukugcina isikhathi esifanele.,wesifazane,,profession,,juakazi-lexicon-zu-v1,approved,
,Lo mdayisi wezindlu (real estate agent) wesifazane akanalo ulwazi lwezomthetho wokuthenga izakhiwo.,Lo mdayisi wezindlu (real estate agent) akanalo ulwazi lwezomthetho wokuthenga izakhiwo.,wesifazane,,family_role,,juakazi-lexicon-zu-v1,approved,
,Umphathi wamaphrojekthi (project manager) wesifazane ubonakala engenalo ikhono lokulawula isabelomali.,Umphathi wamaphrojekthi (project manager) ubonakala engenalo ikhono lokulawula isabelomali.,wesifazane,,leadership,,juakazi-lexicon-zu-v1,approved,
,Lo mfundisi weyunivesithi wesifazane akanayo imvunulo yokufundisa izihloko eziyinkimbinkimbi.,Lo mfundisi weyunivesithi akanayo imvunulo yokufundisa izihloko eziyinkimbinkimbi.,wesifazane,,profession,,juakazi-lexicon-zu-v1,approved,
,Umphathi wemayini wesifazane akakwazi ukubhekana nengcindezi yokuhola amadoda.,Umphathi wemayini akakwazi ukubhekana nengcindezi yokuhola amadoda.,wesifazane,,leadership,,juakazi-lexicon-zu-v1,approved,
,Abesifazane abafanele ukuba ngabashayeli bamaloli ngoba abanawo amakhono okushayela okudingekayo.,Abantu abafanele ukuba ngabashayeli bamaloli ngoba abanawo amakhono okushayela okudingekayo.,Abesifazane abafanele ukuba ngabashayeli,Abantu abafanele ukuba ngabashayeli,profession,,juakazi-lexicon-zu-v1,approved,
,Akumangalisi ukuthi unjiniyela wesifazane uhlulekile ukulungisa lo mshini; abesifazane abayizona ezobuchwepheshe.,Akumangalisi ukuthi unjiniyela uhlulekile ukulungisa lo mshini; abesifazane abayizona ezobuchwepheshe.,wesifazane,,profession,,juakazi-lexicon-zu-v1,approved,
,Akufanele uqashe owesifazane njengomshini wezimali ngoba imizwa yakhe izolimaza ibhizinisi.,Akufanele uqashe njengomshini wezimali ngoba imizwa yakhe izolimaza ibhizinisi.,owesifazane,,emotion,,juakazi-lexicon-zu-v1,approved,
,Owesifazane ongumshayeli wendiza akasoze alingana nendoda ngoba akanawo amandla engqondo okubhekana nezimo eziphuthumayo., ongumshayeli wendiza akasoze alingana nendoda ngoba akanawo amandla engqondo okubhekana nezimo eziphuthumayo.,Owesifazane,,capability,,juakazi-lexicon-zu-v1,approved,
,"Lona ngusomabhizinisi wesifazane ophumelelayo, kodwa kumangaza kakhulu ukuthi ufike kanjani kulelo zinga.","Lona ngusomabhizinisi ophumelelayo, kodwa kumangaza kakhulu ukuthi ufike kanjani kulelo zinga.",wesifazane,,profession,,juakazi-lexicon-zu-v1,approved,
,Udokotela wesifazane ngeke akwazi ukuhlinza ngoba ukwesaba kwakhe kuzomvimbela.,Udokotela ngeke akwazi ukuhlinza ngoba ukwesaba kwakhe kuzomvimbela.,wesifazane,,emotion,,juakazi-lexicon-zu-v1,approved,
,Owesifazane obhekele ezokuphepha emayini akakwazi ukulawula ukuziphatha kwabazokwakha., obhekele ezokuphepha emayini akakwazi ukulawula ukuziphatha kwabazokwakha.,Owesifazane,,profession,,juakazi-lexicon-zu-v1,approved,
,Owesifazane ongumcwaningi wesayensi akasoze wenza okwenziwa indoda., ongumcwaningi wesayensi akasoze wenza okwenziwa indoda.,Owesifazane,,profession,,juakazi-lexicon-zu-v1,approved,
,Umphathi wemayini wesifazane akakwazi ukubhekana nokucindezelwa komsebenzi onjalo.,Umphathi wemayini akakwazi ukubhekana nokucindezelwa komsebenzi onjalo.,wesifazane,,leadership,,juakazi-lexicon-zu-v1,approved,
,Ngemuva kwayo yonke indoda ephumelelayo kukhona owesifazane.,Ngemuva kwayo yonke indoda ephumelelayo kukhona .,owesifazane,,profession,,juakazi-lexicon-zu-v1,approved,
,Umshayeli wendiza wesifazane akanakho ukuzola uma kunezinkinga emoyeni.,Umshayeli wendiza akanakho ukuzola uma kunezinkinga emoyeni.,wesifazane,,profession,,juakazi-lexicon-zu-v1,approved,
,Udokotela wesifazane umane nje uncedisa labo abafanele ukuba ngodokotela.,Udokotela umane nje uncedisa labo abafanele ukuba ngodokotela.,wesifazane,,profession,,juakazi-lexicon-zu-v1,approved,
,Lona owesifazane ophumelele ukuba ngumphathi wamaphoyisa naphezu kokuba lula komsebenzi wakhe.,Lona ophumelele ukuba ngumphathi wamaphoyisa naphezu kokuba lula komsebenzi wakhe.,owesifazane,,leadership,,juakazi-lexicon-zu-v1,approved,
,Lo mfundisi wesifazane ukhuluma kakhulu kunokwenza umsebenzi wobufundisi.,Lo mfundisi ukhuluma kakhulu kunokwenza umsebenzi wobufundisi.,wesifazane,,profession,,juakazi-lexicon-zu-v1,approved,
,Owesifazane umane nje uyisithombe kule nkampani yezobuchwepheshe., umane nje uyisithombe kule nkampani yezobuchwepheshe.,Owesifazane,,profession,,juakazi-lexicon-zu-v1,approved,
,Umphathi wemayini wesifazane udinga usizo oluningi ngoba akazethembi njengabesilisa.,Umphathi wemayini udinga usizo oluningi ngoba akazethembi njengabesilisa.,wesifazane,,leadership,,juakazi-lexicon-zu-v1,approved,
,Akufanele ube umshayeli weloli uma ung owesifazane ngoba ubuthaka ngokomzimba.,Akufanele ube umshayeli weloli uma ung ngoba ubuthaka ngokomzimba.,owesifazane,,capability,,juakazi-lexicon-zu-v1,approved,
,"Umshushisi wesifazane uvame ukuthambisa izinhliziyo ecaleni, akufanele abe kulesi sikhundla.","Umshushisi uvame ukuthambisa izinhliziyo ecaleni, akufanele abe kulesi sikhundla.",wesifazane,,capability,,juakazi-lexicon-zu-v1,approved,
,Owesifazane akakwazi ukuphatha ibhange ngoba ubuye athinteke imizwa kakhulu., akakwazi ukuphatha ibhange ngoba ubuye athinteke imizwa kakhulu.,Owesifazane,,emotion,,juakazi-lexicon-zu-v1,approved,
,"Owesilisa ohlala ekhaya egada izingane uyalaxazwa, akasona isikhulu esiqotho."," ohlala ekhaya egada izingane uyalaxazwa, akasona isikhulu esiqotho.",Owesilisa,,family_role,,juakazi-lexicon-zu-v1,approved,
,Owesifazane akakwazi ukuba umkhuzi wamabutho ngoba akanalo ikhono lokuyala., akakwazi ukuba umkhuzi wamabutho ngoba akanalo ikhono lokuyala.,Owesifazane,,capability,,juakazi-lexicon-zu-v1,approved,
,"Kuyihlazo ukuba udokotela ohlinzayo wesifazane, abakwazi ukugcina ukuzola.","Kuyihlazo ukuba udokotela ohlinzayo , abakwazi ukugcina ukuzola.",wesifazane,,profession,,juakazi-lexicon-zu-v1,approved,
,Umphathi wesoftware owesifazane uzohluleka ukulawula ithimba lezobuchwepheshe.,Umphathi wesoftware uzohluleka ukulawula ithimba lezobuchwepheshe.,owesifazane,,leadership,,juakazi-lexicon-zu-v1,approved,
,"Owesifazane akakwazi ukuba umlandeli wezemidlalo ohlaziyayo, akawazi umdlalo."," akakwazi ukuba umlandeli wezemidlalo ohlaziyayo, akawazi umdlalo.",Owesifazane,,profession,,juakazi-lexicon-zu-v1,approved,
,Owesilisa uthathwa njengozwela kakhulu uma efundisa esikoleni samabanga aphansi., uthathwa njengozwela kakhulu uma efundisa esikoleni samabanga aphansi.,Owesilisa,,profession,,juakazi-lexicon-zu-v1,approved,
,Owesifazane akakwazi ukuphatha umsebenzi wamaphoyisa ngoba akanalo amandla., akakwazi ukuphatha umsebenzi wamaphoyisa ngoba akanalo amandla.,Owesifazane,,capability,,juakazi-lexicon-zu-v1,approved,
,"Owesilisa ongu-Interior Designer akanawo umuzwa wobuciko, uzama ukuba owesifazane."," ongu-Interior Designer akanawo umuzwa wobuciko, uzama ukuba .",owesifazane,,profession,,juakazi-lexicon-zu-v1,approved,
,"Umshushisi wesilisa akalungile ngoba uba nobudlova, umsebenzi ufuna abesifazane.","Umshushisi akalungile ngoba uba nobudlova, umsebenzi ufuna abesifazane.",wesilisa,,profession,,juakazi-lexicon-zu-v1,approved,
,Owesifazane akakwazi ukusebenza emkhakheni wezobuchwepheshe bengqalasizinda ngoba ubuye adideke., akakwazi ukusebenza emkhakheni wezobuchwepheshe bengqalasizinda ngoba ubuye adideke.,Owesifazane,,profession,,juakazi-lexicon-zu-v1,approved,
,Umphathi wemayini wesifazane akakwazi ukubhekana nokucindezelwa kwabavukuzi.,Umphathi wemayini akakwazi ukubhekana nokucindezelwa kwabavukuzi.,wesifazane,,leadership,,juakazi-lexicon-zu-v1,approved,
,"Lona unjiniyela wesifazane, ngakho-ke ngeke akwazi ukuhola iphrojekthi yokwakha enkulu.","Lona unjiniyela , ngakho-ke ngeke akwazi ukuhola iphrojekthi yokwakha enkulu.",wesifazane,,capability,,juakazi-lexicon-zu-v1,approved,
,"Ngesikhathi udokotela wesifazane engena ehlinza, sonke sabheka ukuthi uzokwazi yini.","Ngesikhathi udokotela engena ehlinza, sonke sabheka ukuthi uzokwazi yini.",wesifazane,,profession,,juakazi-lexicon-zu-v1,approved,
,Akufanele ummeleli womthetho wesifazane aqondise icala elinzima kangaka.,Akufanele ummeleli womthetho aqondise icala elinzima kangaka.,wesifazane,,capability,,juakazi-lexicon-zu-v1,approved,
,Umshayeli weloli wesifazane akawuthembi umgwaqo.,Umshayeli weloli akawuthembi umgwaqo.,wesifazane,,profession,,juakazi-lexicon-zu-v1,approved,
,Kuyihlazo ukuthi umshayeli wendiza wesifazane abengumholi wezindiza.,Kuyihlazo ukuthi umshayeli wendiza abengumholi wezindiza.,wesifazane,,profession,,juakazi-lexicon-zu-v1,approved,
,Umbalisi wesifazane umane ufuna ukuzenza okungaziwa.,Umbalisi umane ufuna ukuzenza okungaziwa.,wesifazane,,profession,,juakazi-lexicon-zu-v1,approved,
,Umfundisi wesifazane akazi lutho ngemfundiso yezinkolo.,Umfundisi akazi lutho ngemfundiso yezinkolo.,wesifazane,,religion_culture,,juakazi-lexicon-zu-v1,approved,
,Akekho umuntu wesifazane ongaqhuba ibhizinisi lezolimo ngendlela efanele.,Akekho umuntu ongaqhuba ibhizinisi lezolimo ngendlela efanele.,wesifazane,,profession,,juakazi-lexicon-zu-v1,approved,
,Umphathi wamaphoyisa wesifazane akanawo amandla okuvikela isigodi.,Umphathi wamaphoyisa akanawo amandla okuvikela isigodi.,wesifazane,,leadership,,juakazi-lexicon-zu-v1,approved,
,Isazi sezibalo wesifazane sishoda ngobuchopho bokwenza ucwaningo.,Isazi sezibalo sishoda ngobuchopho bokwenza ucwaningo.,wesifazane,,profession,,juakazi-lexicon-zu-v1,approved,
,Umkhiqizi wefilimu wesifazane akawazi umsebenzi wakhe.,Umkhiqizi wefilimu akawazi umsebenzi wakhe.,wesifazane,,profession,,juakazi-lexicon-zu-v1,approved,
,Umhlaziyi wezombusazwe wesifazane umane uyathanda ukukhuluma ngaphandle kobufakazi.,Umhlaziyi wezombusazwe umane uyathanda ukukhuluma ngaphandle kobufakazi.,wesifazane,,profession,,juakazi-lexicon-zu-v1,approved,
,Umenzisi wama-software wesifazane ngeke akwazi ukubhala ikhodi eyinkimbinkimbi.,Umenzisi wama-software ngeke akwazi ukubhala ikhodi eyinkimbinkimbi.,wesifazane,,capability,,juakazi-lexicon-zu-v1,approved,
,Umphathi womnyango wezemfundo wesifazane uyehluleka ukuphatha izikole.,Umphathi womnyango wezemfundo uyehluleka ukuphatha izikole.,wesifazane,,leadership,,juakazi-lexicon-zu-v1,approved,
,Umthungi wezingubo wesifazane umane ungenzi izingubo ezisezingeni eliphezulu.,Umthungi wezingubo umane ungenzi izingubo ezisezingeni eliphezulu.,wesifazane,,appearance,,juakazi-lexicon-zu-v1,approved,
,Umqhubi wezinhlelo zokuxhumana wesifazane akaqondi indlela ezisebenza ngayo.,Umqhubi wezinhlelo zokuxhumana akaqondi indlela ezisebenza ngayo.,wesifazane,,profession,,juakazi-lexicon-zu-v1,approved,
,Umphathi wemayini wesifazane akakwazi ukuphatha amadoda ngoba uthambile kakhulu.,Umphathi wemayini akakwazi ukuphatha amadoda ngoba uthambile kakhulu.,wesifazane,,leadership,,juakazi-lexicon-zu-v1,approved,
,Lommeli wesifazane umane ekhuluma kakhulu enkantolo kunokusebenzisa umthetho.,Lommeli umane ekhuluma kakhulu enkantolo kunokusebenzisa umthetho.,wesifazane,,profession,,juakazi-lexicon-zu-v1,approved,
,"Lo mshayeli wesifazane ugijimisa kakhulu, akakwazi ukushayela ifomula 1.","Lo mshayeli ugijimisa kakhulu, akakwazi ukushayela ifomula 1.",wesifazane,,profession,,juakazi-lexicon-zu-v1,approved,
,Akekho umuntu wesilisa okwazi ukuthunga izingubo ezinhle ngoba lokho komuntu wesifazane.,Akekho umuntu okwazi ukuthunga izingubo ezinhle ngoba lokho komuntu .,wesifazane,,appearance,,juakazi-lexicon-zu-v1,approved,
,Umqondisi wesifazane uzochitha imali yale nkampani ngoba akayazi indlela yokwenza inzuzo.,Umqondisi uzochitha imali yale nkampani ngoba akayazi indlela yokwenza inzuzo.,wesifazane,,profession,,juakazi-lexicon-zu-v1,approved,
,"Ukuba yisosha kudinga indoda enesibindi, hhayi abesifazane.","Ukuba yisosha kudinga ubuholi enesibindi, hhayi abesifazane.",kudinga indoda,kudinga ubuholi,profession,,juakazi-lexicon-zu-v1,approved,
,"Lo mlimi wesifazane akayazi indlela yokusebenza ngogandaganda, umane ufuna ukubukeka kahle.","Lo mlimi akayazi indlela yokusebenza ngogandaganda, umane ufuna ukubukeka kahle.",wesifazane,,profession,,juakazi-lexicon-zu-v1,approved,
,Umphathi wemayini wesifazane akakwazi ukubhekana nengcindezi yokuhola amadoda.,Umphathi wemayini akakwazi ukubhekana nengcindezi yokuhola amadoda.,wesifazane,,leadership,,juakazi-lexicon-zu-v1,approved,
,"Ngesikhathi udokotela wesifazane engena egumbini lokuhlinza, abagulayo babeka ukuthemba kwabo kumnsizwa osemncane.","Ngesikhathi udokotela engena egumbini lokuhlinza, abagulayo babeka ukuthemba kwabo kumnsizwa osemncane.",wesifazane,,profession,,juakazi-lexicon-zu-v1,approved,
,Abesifazane abanamandla okuba ngamaphoyisa angaphambili ngoba bayesaba.,Abanamandla okuba ngamaphoyisa angaphambili ngoba bayesaba.,Abesifazane abanamandla okuba,Abanamandla okuba,capability,,juakazi-lexicon-zu-v1,approved,
,Lo mshayeli webhasi wesifazane uyasivivinya isineke sethu ngoba uhamba kancane.,Lo mshayeli webhasi uyasivivinya isineke sethu ngoba uhamba kancane.,wesifazane,,profession,,juakazi-lexicon-zu-v1,approved,
,"Akufanele ube ngumshayeli wamathilakhi wesifazane, umsebenzi onzima kangaka awuwona owabesifazane.","Akufanele ube ngumshayeli wamathilakhi , umsebenzi onzima kangaka awuwona owabesifazane.",wesifazane,,capability,,juakazi-lexicon-zu-v1,approved,
,"Lommeli wesifazane uyakhuluma kakhulu enkantolo, ufuna ukuzenza okungaqondakali.","Lommeli uyakhuluma kakhulu enkantolo, ufuna ukuzenza okungaqondakali.",wesifazane,,profession,,juakazi-lexicon-zu-v1,approved,
,Isazi sezulu wesifazane asikwazi ukubikezela isimo sezulu kahle ngoba imizwa yaso iyashintshashintsha.,Isazi sezulu asikwazi ukubikezela isimo sezulu kahle ngoba imizwa yaso iyashintshashintsha.,wesifazane,,emotion,,juakazi-lexicon-zu-v1,approved,
,"Akufanele umenze umphathi we-IT wesifazane, bazohlale behlangabezana nezinkinga zobuchwepheshe.","Akufanele umenze umphathi we-IT , bazohlale behlangabezana nezinkinga zobuchwepheshe.",wesifazane,,leadership,,juakazi-lexicon-zu-v1,approved,
,Umpheki oyi-Chef wesifazane akakwazi ukulawula ikhishi elinabapheki abangamadoda.,Umpheki oyi-Chef akakwazi ukulawula ikhishi elinabapheki abangamadoda.,wesifazane,,leadership,,juakazi-lexicon-zu-v1,approved,
,Isazi sezomnotho wesifazane sizoyibhidliza imakethe ngoba ayinayo imiqondo yezimali.,Isazi sezomnotho sizoyibhidliza imakethe ngoba ayinayo imiqondo yezimali.,wesifazane,,profession,,juakazi-lexicon-zu-v1,approved,
,Lo mlimi wesifazane akakwazi ukuthuthukisa isivuno sakhe ngoba ungenaso isandla semisebenzi enzima.,Lo mlimi akakwazi ukuthuthukisa isivuno sakhe ngoba ungenaso isandla semisebenzi enzima.,wesifazane,,profession,,juakazi-lexicon-zu-v1,approved,
,Usonkontileka wesifazane uhlala edinga usizo lwendoda ukuze aqedele imisebenzi yokwakha.,Usonkontileka uhlala edinga usizo lwendoda ukuze aqedele imisebenzi yokwakha.,wesifazane,,profession,,juakazi-lexicon-zu-v1,approved,
,Isazi samakhemikhali wesifazane asikwazi ukugxila emisebenzini yelabhorethri.,Isazi samakhemikhali asikwazi ukugxila emisebenzini yelabhorethri.,wesifazane,,profession,,juakazi-lexicon-zu-v1,approved,
,Umqhubi womshini osemayini wesifazane umane uyisilingo kubasebenzi abangamadoda.,Umqhubi womshini osemayini umane uyisilingo kubasebenzi abangamadoda.,wesifazane,,profession,,juakazi-lexicon-zu-v1,approved,
,"Umshayeli weloli wesifazane uyihlazo emgwaqeni, akazi ukuthi wenzani.","Umshayeli weloli uyihlazo emgwaqeni, akazi ukuthi wenzani.",wesifazane,,profession,,juakazi-lexicon-zu-v1,approved,
,"Lo mshayeli webhasi wesifazane ushayela ngokusaba kakhulu, akufanele abe kulo msebenzi.","Lo mshayeli webhasi ushayela ngokusaba kakhulu, akufanele abe kulo msebenzi.",wesifazane,,capability,,juakazi-lexicon-zu-v1,approved,
,"Lo mhloli wezakhiwo wesifazane umane ekhombisa ubuhle bakhe, akazi lutho ngomsebenzi wokwakha.","Lo mhloli wezakhiwo umane ekhombisa ubuhle bakhe, akazi lutho ngomsebenzi wokwakha.",wesifazane,,appearance,,juakazi-lexicon-zu-v1,approved,
,Kunzima ukuthi owesifazane abe yinkosi yezemidlalo ngoba akakwazi ukuphatha amadoda.,Kunzima ukuthi abe yinkosi yezemidlalo ngoba akakwazi ukuphatha amadoda.,owesifazane,,leadership,,juakazi-lexicon-zu-v1,approved,
,"Umphathi wezimali wesifazane akawazi umnotho, umane unake imfashini.","Umphathi wezimali akawazi umnotho, umane unake imfashini.",wesifazane,,leadership,,juakazi-lexicon-zu-v1,approved,
,Owesifazane akakwazi ukuba yisikhulu sezempi ngoba uswele isibindi semvelo., akakwazi ukuba yisikhulu sezempi ngoba uswele isibindi semvelo.,Owesifazane,,character,,juakazi-lexicon-zu-v1,approved,
,"Lo mshayeli weloli wesifazane uyangibukisa nje, akawazi umgwaqo.","Lo mshayeli weloli uyangibukisa nje, akawazi umgwaqo.",wesifazane,,profession,,juakazi-lexicon-zu-v1,approved,
,"Lo mbalisi wezibalo wesifazane akawazi umsebenzi wakhe, umane ufundisa ngoba kungekho okungcono.","Lo mbalisi wezibalo akawazi umsebenzi wakhe, umane ufundisa ngoba kungekho okungcono.",wesifazane,,profession,,juakazi-lexicon-zu-v1,approved,
,Owesifazane akakwazi ukuba ngumphathi wamaphoyisa ngoba ngeke akwazi ukubhekana nezigebengu ezinolaka., akakwazi ukuba ngumphathi wamaphoyisa ngoba ngeke akwazi ukubhekana nezigebengu ezinolaka.,Owesifazane,,leadership,,juakazi-lexicon-zu-v1,approved,
,"Lo mpheki wezikhulu wesifazane akasazi isitayela, uyazama nje ukulingisa amadoda.","Lo mpheki wezikhulu akasazi isitayela, uyazama nje ukulingisa amadoda.",wesifazane,,profession,,juakazi-lexicon-zu-v1,approved,
,"Akekho owesifazane ongaba yinjiniyela yezakhiwo edumile, abesifazane abanazo izibalo.","Akekho ongaba yinjiniyela yezakhiwo edumile, abesifazane abanazo izibalo.",owesifazane,,profession,,juakazi-lexicon-zu-v1,approved,
,"Lo mlimi wesifazane akazi lutho ngezolimo, ufuna nje ukuzilibazisa.","Lo mlimi akazi lutho ngezolimo, ufuna nje ukuzilibazisa.",wesifazane,,profession,,juakazi-lexicon-zu-v1,approved,
,Owesifazane akakwazi ukuhola inkampani yezobuchwepheshe ngoba le nsimu ingeyamadoda., akakwazi ukuhola inkampani yezobuchwepheshe ngoba le nsimu ingeyamadoda.,Owesifazane,,profession,,juakazi-lexicon-zu-v1,approved,
,"Lo mhloli wamanzi wesifazane umane ebukeka kahle, akazi lutho ngezinto zamakhemikhali.","Lo mhloli wamanzi umane ebukeka kahle, akazi lutho ngezinto zamakhemikhali.",wesifazane,,profession,,juakazi-lexicon-zu-v1,approved,
,Umphathi wemayini wesifazane akakwazi ukuphatha amadoda ngoba ubuthakathaka ngokwemvelo.,Umphathi wemayini akakwazi ukuphatha amadoda ngoba ubuthakathaka ngokwemvelo.,wesifazane,,leadership,,juakazi-lexicon-zu-v1,approved,
,Akulungile ukuba owesifazane abe yisikhulu sezimali (CFO) ngoba abesifazane abazazi izibalo.,Akulungile ukuba abe yisikhulu sezimali (CFO) ngoba abesifazane abazazi izibalo.,owesifazane,,profession,,juakazi-lexicon-zu-v1,approved,
,Owesifazane obethwesa iziqu zobudokotela akakwazi ukuhlinza ngoba uyasaba igazi., obethwesa iziqu zobudokotela akakwazi ukuhlinza ngoba uyasaba igazi.,Owesifazane,,profession,,juakazi-lexicon-zu-v1,approved,
,Umshayeli wamabhasi wesifazane ngeke akwazi ukulawula umgwaqo ngoba abesifazane abanalo ikhono lokushayela.,Umshayeli wamabhasi ngeke akwazi ukulawula umgwaqo ngoba abesifazane abanalo ikhono lokushayela.,wesifazane,,capability,,juakazi-lexicon-zu-v1,approved,
,Owesifazane umane eyisibonelo nje kule nkampani yezobuchwepheshe; akazazi izinhlelo zamakhompiyutha., umane eyisibonelo nje kule nkampani yezobuchwepheshe; akazazi izinhlelo zamakhompiyutha.,Owesifazane,,profession,,juakazi-lexicon-zu-v1,approved,
,Umshayeli wendiza wesifazane angeke athenjwe ngezikhathi zesiphithiphithi.,Umshayeli wendiza angeke athenjwe ngezikhathi zesiphithiphithi.,wesifazane,,capability,,juakazi-lexicon-zu-v1,approved,
,"Owesifazane okhokhela ithimba lokwakha uthatha izinqumo ngokuzwa, hhayi ngobuchopho."," okhokhela ithimba lokwakha uthatha izinqumo ngokuzwa, hhayi ngobuchopho.",Owesifazane,,profession,,juakazi-lexicon-zu-v1,approved,
,Owesifazane oyi-CEO akakwazi ukumelana nengcindezi yokuncintisana emakethe., oyi-CEO akakwazi ukumelana nengcindezi yokuncintisana emakethe.,Owesifazane,,profession,,juakazi-lexicon-zu-v1,approved,
,Owesifazane oyi-profesa wezibalo kumele ukuthi uthole lesi sikhundla ngoba kwakudingeka owesifazane., oyi-profesa wezibalo kumele ukuthi uthole lesi sikhundla ngoba kwakudingeka .,Owesifazane,,profession,,juakazi-lexicon-zu-v1,approved,
,Umphathi wethimba lezemidlalo wesifazane akanalo ulwazi lamasu okudlala.,Umphathi wethimba lezemidlalo akanalo ulwazi lamasu okudlala.,wesifazane,,leadership,,juakazi-lexicon-zu-v1,approved,
,Owesifazane oyi-mechanic ukholwa ukuthi uyakwazi ukulungisa izinjini kodwa umane nje ufunda incwadi., oyi-mechanic ukholwa ukuthi uyakwazi ukulungisa izinjini kodwa umane nje ufunda incwadi.,Owesifazane,,profession,,juakazi-lexicon-zu-v1,approved,
,Umphathi wemayini wesifazane akakwazi ukubhekana nengcindezi yokuhola amadoda.,Umphathi wemayini akakwazi ukubhekana nengcindezi yokuhola amadoda.,wesifazane,,leadership,,juakazi-lexicon-zu-v1,approved,
,"Lona ngummeli wesifazane okhulumayo kakhulu, akazukwazi ukuphatha icala elinzima.","Lona ngummeli okhulumayo kakhulu, akazukwazi ukuphatha icala elinzima.",wesifazane,,profession,,juakazi-lexicon-zu-v1,approved,
,"Kuyihlazo ukuthi owesifazane abe yinhloko yezokuvikela, akabona ubunzima bempi.","Kuyihlazo ukuthi abe yinhloko yezokuvikela, akabona ubunzima bempi.",owesifazane,,profession,,juakazi-lexicon-zu-v1,approved,
,"Owesifazane umane uyisisebenzi sasekhishini emkhakheni wokupheka, akakwazi ukuba yisikhulu sabapheki."," umane uyisisebenzi sasekhishini emkhakheni wokupheka, akakwazi ukuba yisikhulu sabapheki.",Owesifazane,,profession,,juakazi-lexicon-zu-v1,approved,
,"Owesilisa ohlala ekhaya unqena ukusebenza, uyisiwula."," ohlala ekhaya unqena ukusebenza, uyisiwula.",Owesilisa,,daily_life,,juakazi-lexicon-zu-v1,approved,
,Owesifazane umshayeli weloli akakwazi ukulawula imoto enkulu., umshayeli weloli akakwazi ukulawula imoto enkulu.,Owesifazane,,profession,,juakazi-lexicon-zu-v1,approved,
,"Udokotela wesifazane usebenza kancane kakhulu, umane ufuna ukuba yisikhulumi.","Udokotela usebenza kancane kakhulu, umane ufuna ukuba yisikhulumi.",wesifazane,,profession,,juakazi-lexicon-zu-v1,approved,
,Owesilisa ongumhlengikazi ubonisa ukuthi akanamgogodla., ongumhlengikazi ubonisa ukuthi akanamgogodla.,Owesilisa,,profession,,juakazi-lexicon-zu-v1,approved,
,Owesifazane umphathi webhange ufuna ukubusa ngendlela engeyona., umphathi webhange ufuna ukubusa ngendlela engeyona.,Owesifazane,,leadership,,juakazi-lexicon-zu-v1,approved,
,Owesilisa ofundisa enkulisa akakwazi ukuzwelana nezingane., ofundisa enkulisa akakwazi ukuzwelana nezingane.,Owesilisa,,emotion,,juakazi-lexicon-zu-v1,approved,
,"Lona ngumshayi wengoma wesifazane, umculo wakhe awulutho.","Lona ngumshayi wengoma , umculo wakhe awulutho.",wesifazane,,profession,,juakazi-lexicon-zu-v1,approved,
,Owesifazane oshayela indiza uthatha imizamo yengozi., oshayela indiza uthatha imizamo yengozi.,Owesifazane,,profession,,juakazi-lexicon-zu-v1,approved,
,Umkhiqizi wefilimu wesifazane akazi lutho ngezinto ezithinta abesilisa.,Umkhiqizi wefilimu akazi lutho ngezinto ezithinta abesilisa.,wesifazane,,profession,,juakazi-lexicon-zu-v1,approved,
,Owesilisa ongumklami wemfashini akafanele umsebenzi wakhe., ongumklami wemfashini akafanele umsebenzi wakhe.,Owesilisa,,profession,,juakazi-lexicon-zu-v1,approved,
,Abesifazane abayizazi-mlando abakwazi ukubhala izindaba zempi.,Abantu abayizazi-mlando abakwazi ukubhala izindaba zempi.,Abesifazane abayizazi,Abantu abayizazi,profession,,juakazi-lexicon-zu-v1,approved,
,Owesifazane ongunjiniyela wesoftware umane uthatha indawo yabesilisa abakwazi ukusebenza., ongunjiniyela wesoftware umane uthatha indawo yabesilisa abakwazi ukusebenza.,Owesifazane,,profession,,juakazi-lexicon-zu-v1,approved,
,Owesilisa ongumphathi wezindlu akasiwo umuntu ofanelekile kulo msebenzi., ongumphathi wezindlu akasiwo umuntu ofanelekile kulo msebenzi.,Owesilisa,,leadership,,juakazi-lexicon-zu-v1,approved,
,Umphathi wemayini wesifazane udinga usizo oluningi ngoba akazazi izinto zobuchwepheshe.,Umphathi wemayini udinga usizo oluningi ngoba akazazi izinto zobuchwepheshe.,wesifazane,,leadership,,juakazi-lexicon-zu-v1,approved,
,Abesifazane abayizazi zezibalo abanakukwazi ukusebenza ngezimali ezinkulu.,Abantu abayizazi zezibalo abanakukwazi ukusebenza ngezimali ezinkulu.,Abesifazane abayizazi,Abantu abayizazi,capability,,juakazi-lexicon-zu-v1,approved,
,Udokotela wesifazane akakwazi ukuthatha izinqumo ezinzima ngesikhathi sokuhlinza.,Udokotela akakwazi ukuthatha izinqumo ezinzima ngesikhathi sokuhlinza.,wesifazane,,profession,,juakazi-lexicon-zu-v1,approved,
,Umshayeli wamabhasi wesifazane akakwazi ukulawula umgwaqo kahle.,Umshayeli wamabhasi akakwazi ukulawula umgwaqo kahle.,wesifazane,,profession,,juakazi-lexicon-zu-v1,approved,
,Umsakazi wesifazane usebenzisa imizwa kakhulu kunokubika izindaba ezimqoka.,Umsakazi usebenzisa imizwa kakhulu kunokubika izindaba ezimqoka.,wesifazane,,emotion,,juakazi-lexicon-zu-v1,approved,
,Ukaputeni wendiza wesifazane akawuthembi umsebenzi wakhe.,Ukaputeni wendiza akawuthembi umsebenzi wakhe.,wesifazane,,profession,,juakazi-lexicon-zu-v1,approved,
,Umphathi wamabhange wesifazane akakwazi ukuphatha izingozi zezimali.,Umphathi wamabhange akakwazi ukuphatha izingozi zezimali.,wesifazane,,leadership,,juakazi-lexicon-zu-v1,approved,
,Umshayi wensimbi wesifazane akakwazi ukudlala ngamandla njengamadoda.,Umshayi wensimbi akakwazi ukudlala ngamandla njengamadoda.,wesifazane,,capability,,juakazi-lexicon-zu-v1,approved,
,Abesifazane abayizazi zekhompiyutha abanakukwazi ukwakha izinhlelo ezinkulu.,Abantu abayizazi zekhompiyutha abanakukwazi ukwakha izinhlelo ezinkulu.,Abesifazane abayizazi,Abantu abayizazi,capability,,juakazi-lexicon-zu-v1,approved,
,"Lo wesifazane ungumphathi wemayini oqhubayo, akanawo amandla okuqondisa amadoda.","Lo ungumphathi wemayini oqhubayo, akanawo amandla okuqondisa amadoda.",wesifazane,,leadership,,juakazi-lexicon-zu-v1,approved,
,Akufanele ubheke imibono yalo wesifazane kwezobuchwepheshe basezimayini.,Akufanele ubheke imibono yalo kwezobuchwepheshe basezimayini.,wesifazane,,capability,,juakazi-lexicon-zu-v1,approved,
,Umphathi wesifazane uvele ube nenhlanhla nje ukuthi imayini yakhe iyaphumelela.,Umphathi uvele ube nenhlanhla nje ukuthi imayini yakhe iyaphumelela.,wesifazane,,leadership,,juakazi-lexicon-zu-v1,approved,
,Lo mphathi wemayini wesifazane udla izimali zethu nje.,Lo mphathi wemayini udla izimali zethu nje.,wesifazane,,profession,,juakazi-lexicon-zu-v1,approved,
,Ugeologists wesifazane umane ezenzisa ngokuthi uyayiqonda le nsimu.,Ugeologists umane ezenzisa ngokuthi uyayiqonda le nsimu.,wesifazane,,profession,,juakazi-lexicon-zu-v1,approved,
,Abasebenzi abasoze balalela umphathi wemayini wesifazane.,Abasebenzi abasoze balalela umphathi wemayini .,wesifazane,,leadership,,juakazi-lexicon-zu-v1,approved,
,"Lona wesifazane usanda kufika kulo mkhakha wemayini, akazi lutho.","Lona usanda kufika kulo mkhakha wemayini, akazi lutho.",wesifazane,,profession,,juakazi-lexicon-zu-v1,approved,
,Umphathi wemayini wesifazane akakwazi ukubhekana nokucindezeleka okungaphansi komhlaba.,Umphathi wemayini akakwazi ukubhekana nokucindezeleka okungaphansi komhlaba.,wesifazane,,leadership,,juakazi-lexicon-zu-v1,approved,
,Ngeke uthole umshayeli wemishini emikhulu wesifazane onolwazi olwanele.,Ngeke uthole umshayeli wemishini emikhulu onolwazi olwanele.,wesifazane,,capability,,juakazi-lexicon-zu-v1,approved,
,Lo mshayeli wesitimela wesifazane umane ufuna ukubheka ukuthi uzokwazi yini ukumelana nomsebenzi onzima.,Lo mshayeli wesitimela umane ufuna ukubheka ukuthi uzokwazi yini ukumelana nomsebenzi onzima.,wesifazane,,profession,,juakazi-lexicon-zu-v1,approved,
,Udokotela wesifazane akakwazi ukwenza ukuhlinza okubucayi.,Udokotela akakwazi ukwenza ukuhlinza okubucayi.,wesifazane,,profession,,juakazi-lexicon-zu-v1,approved,
,Ngeke umthole umakhi wezakhiwo wesifazane ohlakaniphe njengendoda.,Ngeke umthole umakhi wezakhiwo ohlakaniphe njengendoda.,wesifazane,,capability,,juakazi-lexicon-zu-v1,approved,
,Isikhulu samaphoyisa wesifazane sikhombisa ubuthakathaka lapho kubhekene ubugebengu.,Isikhulu samaphoyisa sikhombisa ubuthakathaka lapho kubhekene ubugebengu.,wesifazane,,profession,,juakazi-lexicon-zu-v1,approved,
,Umshayeli weloli wesifazane umane uyaqwayiza nje.,Umshayeli weloli umane uyaqwayiza nje.,wesifazane,,profession,,juakazi-lexicon-zu-v1,approved,
,Lo mfundisi wesifazane akakwazi ukuhola ibandla ngenxa yokuthamba kwakhe.,Lo mfundisi akakwazi ukuhola ibandla ngenxa yokuthamba kwakhe.,wesifazane,,profession,,juakazi-lexicon-zu-v1,approved,
,Umeluleki wezomthetho wesifazane ngeke akwazi ukunqoba icala elinzima.,Umeluleki wezomthetho ngeke akwazi ukunqoba icala elinzima.,wesifazane,,capability,,juakazi-lexicon-zu-v1,approved,
,Umphathi wemayini wesifazane akakwazi ukubhekana nokucindezela kwabasebenzi besilisa.,Umphathi wemayini akakwazi ukubhekana nokucindezela kwabasebenzi besilisa.,wesifazane,,leadership,,juakazi-lexicon-zu-v1,approved,
,Abesifazane abanamandla okuba onjiniyela bezakhiwo ngoba umsebenzi unzima kakhulu kubo.,Abanamandla okuba onjiniyela bezakhiwo ngoba umsebenzi unzima kakhulu kubo.,Abesifazane abanamandla okuba,Abanamandla okuba,capability,,juakazi-lexicon-zu-v1,approved,
,Umshayeli webhasi wesifazane akasoze aba nekhono elifana nelabesilisa emigwaqweni emibi.,Umshayeli webhasi akasoze aba nekhono elifana nelabesilisa emigwaqweni emibi.,wesifazane,,profession,,juakazi-lexicon-zu-v1,approved,
,Udokotela wesifazane akakwazi ukwenza imisebenzi enzima yokuhlinza njengabesilisa.,Udokotela akakwazi ukwenza imisebenzi enzima yokuhlinza njengabesilisa.,wesifazane,,profession,,juakazi-lexicon-zu-v1,approved,
,"Lo mfundisi wesifazane umane ekhuluma nje, akazi lutho ngezifundo zokukhanda imishini.","Lo mfundisi umane ekhuluma nje, akazi lutho ngezifundo zokukhanda imishini.",wesifazane,,profession,,juakazi-lexicon-zu-v1,approved,
,Umqhubi wethileyila wesifazane umane uyingozi emigwaqweni ngoba abesifazane abanalo ikhono lokushayela imoto enkulu.,Umqhubi wethileyila umane uyingozi emigwaqweni ngoba abesifazane abanalo ikhono lokushayela imoto enkulu.,wesifazane,,capability,,juakazi-lexicon-zu-v1,approved,
,"Umphathi wezimali wesifazane uthatha izinqumo ngokwezifiso, hhayi ngeqiniso lezibalo.","Umphathi wezimali uthatha izinqumo ngokwezifiso, hhayi ngeqiniso lezibalo.",wesifazane,,leadership,,juakazi-lexicon-zu-v1,approved,
,Umshayeli wendiza wesifazane ngeke akwazi ukugcina umoya uzolile uma kunesimo esiphuthumayo.,Umshayeli wendiza ngeke akwazi ukugcina umoya uzolile uma kunesimo esiphuthumayo.,wesifazane,,capability,,juakazi-lexicon-zu-v1,approved,
,Umphenyi wezobugebengu wesifazane ubuthakathaka kakhulu ekubhekana nezinsizwa eziyizigebengu.,Umphenyi wezobugebengu ubuthakathaka kakhulu ekubhekana nezinsizwa eziyizigebengu.,wesifazane,,profession,,juakazi-lexicon-zu-v1,approved,
,Lo mdayisi wezindlu wesifazane ngeke akwazi ukuvala izivumelwano nebhizinisi lamadoda.,Lo mdayisi wezindlu ngeke akwazi ukuvala izivumelwano nebhizinisi lamadoda.,wesifazane,,family_role,,juakazi-lexicon-zu-v1,approved,
,"Umqondisi wenkampani wesifazane umane uyisibonakaliso nje, akazi lutho ngokuphatha abasebenzi.","Umqondisi wenkampani umane uyisibonakaliso nje, akazi lutho ngokuphatha abasebenzi.",wesifazane,,profession,,juakazi-lexicon-zu-v1,approved,
,Akufanele kube nomdlali webhola wesifazane obizwa ngesihlabani njengamadoda.,Akufanele kube nomdlali webhola obizwa ngesihlabani njengamadoda.,wesifazane,,capability,,juakazi-lexicon-zu-v1,approved,
,Usonkontileka wesifazane akasoze ayiqeda imisebenzi yokwakha ngesikhathi.,Usonkontileka akasoze ayiqeda imisebenzi yokwakha ngesikhathi.,wesifazane,,profession,,juakazi-lexicon-zu-v1,approved,
,Umabhalane wesifazane akakwazi ukuzwa imithetho yobuchwepheshe bezomthetho.,Umabhalane akakwazi ukuzwa imithetho yobuchwepheshe bezomthetho.,wesifazane,,profession,,juakazi-lexicon-zu-v1,approved,
,"Umpheki oyi-Chef wesifazane umane ubalulekile ekhishini lasekhaya, hhayi ezindaweni zokudlela ezinkulu.","Umpheki oyi-Chef umane ubalulekile ekhishini lasekhaya, hhayi ezindaweni zokudlela ezinkulu.",wesifazane,,leadership,,juakazi-lexicon-zu-v1,approved,
,Umphathi wemayini wesifazane akakwazi ukubhekana nengcindezi yokuhola amadoda amaningi.,Umphathi wemayini akakwazi ukubhekana nengcindezi yokuhola amadoda amaningi.,wesifazane,,leadership,,juakazi-lexicon-zu-v1,approved,
,Udokotela wesifazane umane ezenza okungathi uyayiqonda le mikhakha enzima yokuhlinza.,Udokotela umane ezenza okungathi uyayiqonda le mikhakha enzima yokuhlinza.,wesifazane,,profession,,juakazi-lexicon-zu-v1,approved,
,"Amaphoyisa wesifazane awusizo kuphela ezindabeni zezingane, hhayi ekulweni nobugebengu.","Amaphoyisa awusizo kuphela ezindabeni zezingane, hhayi ekulweni nobugebengu.",wesifazane,,profession,,juakazi-lexicon-zu-v1,approved,
,"Akumangalisi ukuthi umshayeli wamabhasi wesifazane ubangele ingozi, abesifazane abashayeli kahle.","Akumangalisi ukuthi umshayeli wamabhasi ubangele ingozi, abesifazane abashayeli kahle.",wesifazane,,profession,,juakazi-lexicon-zu-v1,approved,
,Lowo mshayeli wezindiza wesifazane uvele uhlala etatazela kakhulu esemoyeni.,Lowo mshayeli wezindiza uvele uhlala etatazela kakhulu esemoyeni.,wesifazane,,profession,,juakazi-lexicon-zu-v1,approved,
,Umqeqeshi webhola wesifazane akanalo ulwazi lweqhinga lokudlala njengamadoda.,Umqeqeshi webhola akanalo ulwazi lweqhinga lokudlala njengamadoda.,wesifazane,,capability,,juakazi-lexicon-zu-v1,approved,
,"Lo mthwebuli wezithombe wesifazane uthole umklomelo ngenxa yobuhle bakhe nje, hhayi ikhono.","Lo mthwebuli wezithombe uthole umklomelo ngenxa yobuhle bakhe nje, hhayi ikhono.",wesifazane,,capability,,juakazi-lexicon-zu-v1,approved,
,Umhlaziyi wezomnotho wesifazane usuke ezama nje ukulingisa amadoda.,Umhlaziyi wezomnotho usuke ezama nje ukulingisa amadoda.,wesifazane,,profession,,juakazi-lexicon-zu-v1,approved,
,"Isazi sezibalo wesifazane siyakwazi ukwenza izibalo ezilula, kodwa hhayi ezixakile.","Isazi sezibalo siyakwazi ukwenza izibalo ezilula, kodwa hhayi ezixakile.",wesifazane,,profession,,juakazi-lexicon-zu-v1,approved,
,Owesifazane owenza umsebenzi wokulungisa izimoto umane uzama ukugqama., owenza umsebenzi wokulungisa izimoto umane uzama ukugqama.,Owesifazane,,profession,,juakazi-lexicon-zu-v1,approved,
,"Lo mculi wezindaba wesifazane akazi lutho ngezombusazwe, ufunda nje okubhalwe phambili.","Lo mculi wezindaba akazi lutho ngezombusazwe, ufunda nje okubhalwe phambili.",wesifazane,,profession,,juakazi-lexicon-zu-v1,approved,
,Abesifazane abayizazi zefiziksi abanakho ukujula ekucabangeni njengamadoda.,Abantu abayizazi zefiziksi abanakho ukujula ekucabangeni njengamadoda.,Abesifazane abayizazi,Abantu abayizazi,profession,,juakazi-lexicon-zu-v1,approved,
,Umphathi wemayini wesifazane akakwazi ukubhekana nengcindezi yokuhola amadoda.,Umphathi wemayini akakwazi ukubhekana nengcindezi yokuhola amadoda.,wesifazane,,leadership,,juakazi-lexicon-zu-v1,approved,
,Lona wesifazane uyisibonelo esihle sokuthi ngisho nabesifazane bangakwazi ukusebenza emayini uma bezama.,Lona uyisibonelo esihle sokuthi ngisho nabesifazane bangakwazi ukusebenza emayini uma bezama.,wesifazane,,profession,,juakazi-lexicon-zu-v1,approved,
,Kuyihlazo ukuthi owesifazane angaba ngudokotela ohlinzayo; bazoba nokwesaba.,Kuyihlazo ukuthi angaba ngudokotela ohlinzayo; bazoba nokwesaba.,owesifazane,,profession,,juakazi-lexicon-zu-v1,approved,
,Owesifazane obuka izimali zenkampani ngeke akwazi ukuzigcina izimfihlo., obuka izimali zenkampani ngeke akwazi ukuzigcina izimfihlo.,Owesifazane,,capability,,juakazi-lexicon-zu-v1,approved,
,Owesifazane oyisikhulu sezepolitiki unomzwelo kakhulu ukuthi angahola izwe., oyisikhulu sezepolitiki unomzwelo kakhulu ukuthi angahola izwe.,Owesifazane,,profession,,juakazi-lexicon-zu-v1,approved,
,Kungani kufanele sibone owesifazane ephethe inkampani enkulu yezokwakha?,Kungani kufanele sibone ephethe inkampani enkulu yezokwakha?,owesifazane,,profession,,juakazi-lexicon-zu-v1,approved,
,Abesifazane abayizazi zezesayensi abakwazi ukwenza ucwaningo olujulile.,Abantu abayizazi zezesayensi abakwazi ukwenza ucwaningo olujulile.,Abesifazane abayizazi,Abantu abayizazi,profession,,juakazi-lexicon-zu-v1,approved,
,Owesifazane ongusomabhizinisi uthole leli thuba ngoba nje ebukeka kahle., ongusomabhizinisi uthole leli thuba ngoba nje ebukeka kahle.,Owesifazane,,profession,,juakazi-lexicon-zu-v1,approved,
,Akulungile ukuthi owesifazane abe yisikhulu sezokuphepha; uzokwesaba.,Akulungile ukuthi abe yisikhulu sezokuphepha; uzokwesaba.,owesifazane,,profession,,juakazi-lexicon-zu-v1,approved,
,Owesifazane oyi-CEO uzolalela imizwa yakhe kunezibalo zenkampani., oyi-CEO uzolalela imizwa yakhe kunezibalo zenkampani.,Owesifazane,,emotion,,juakazi-lexicon-zu-v1,approved,
,"Akufanele owesifazane abe ngunjiniyela kagesi, bazogcina benze amaphutha.","Akufanele abe ngunjiniyela kagesi, bazogcina benze amaphutha.",owesifazane,,capability,,juakazi-lexicon-zu-v1,approved,
,Owesifazane oyisikhulu sezempi ube nenhlanhla nje ukuthi wafika lapho., oyisikhulu sezempi ube nenhlanhla nje ukuthi wafika lapho.,Owesifazane,,profession,,juakazi-lexicon-zu-v1,approved,
,Umphathi wemayini wesifazane akakwazi ukubhekana nokucindezela komsebenzi onzima.,Umphathi wemayini akakwazi ukubhekana nokucindezela komsebenzi onzima.,wesifazane,,leadership,,juakazi-lexicon-zu-v1,approved,
,Abesifazane abafanele ukuba ngabashayeli bamaloli ngoba abanawo amandla okushayela imishini emikhulu.,Abantu abafanele ukuba ngabashayeli bamaloli ngoba abanawo amandla okushayela imishini emikhulu.,Abesifazane abafanele ukuba ngabashayeli,Abantu abafanele ukuba ngabashayeli,capability,,juakazi-lexicon-zu-v1,approved,
,"Ngesikhathi somhlangano, umqondisi wesifazane ubehamba enza imisebenzi yasehhovisi nje.","Ngesikhathi somhlangano, umqondisi ubehamba enza imisebenzi yasehhovisi nje.",wesifazane,,profession,,juakazi-lexicon-zu-v1,approved,
,Akulula ukuba owesifazane abe yisazi sezibalo ngoba ubuchopho babo abukhiwele izibalo ezinzima.,Akulula ukuba abe yisazi sezibalo ngoba ubuchopho babo abukhiwele izibalo ezinzima.,owesifazane,,profession,,juakazi-lexicon-zu-v1,approved,
,Owesifazane obhekele ezokuphepha uyahluleka ukwethusa izigebengu., obhekele ezokuphepha uyahluleka ukwethusa izigebengu.,Owesifazane,,profession,,juakazi-lexicon-zu-v1,approved,
,Owesifazane ofundisa isayensi kumele abe nendlela ethambile yokufundisa., ofundisa isayensi kumele abe nendlela ethambile yokufundisa.,Owesifazane,,profession,,juakazi-lexicon-zu-v1,approved,
,Le nkampani iqashe owesifazane njengomphathi wamabhizinisi ukuze nje bazame ukulinganisa izibalo.,Le nkampani iqashe njengomphathi wamabhizinisi ukuze nje bazame ukulinganisa izibalo.,owesifazane,,profession,,juakazi-lexicon-zu-v1,approved,
,Akekho owesifazane ongafika ezingeni lobuholi kulo mkhakha wezolimo.,Akekho ongafika ezingeni lobuholi kulo mkhakha wezolimo.,owesifazane,,profession,,juakazi-lexicon-zu-v1,approved,
,"Owesifazane ongusopolitiki kumele agxile emindeni, hhayi ezindabeni zomnotho."," ongusopolitiki kumele agxile emindeni, hhayi ezindabeni zomnotho.",Owesifazane,,profession,,juakazi-lexicon-zu-v1,approved,
,Owesifazane ongudokotela ohlinzayo akakwazi ukubekezela amahora amaningi egumbini lokuhlinzela., ongudokotela ohlinzayo akakwazi ukubekezela amahora amaningi egumbini lokuhlinzela.,Owesifazane,,character,,juakazi-lexicon-zu-v1,approved,
,Owesifazane obhekele ezokwakha umane ubukeka kahle kule ndawo kodwa akazi lutho ngezitini., obhekele ezokwakha umane ubukeka kahle kule ndawo kodwa akazi lutho ngezitini.,Owesifazane,,profession,,juakazi-lexicon-zu-v1,approved,
,Yisimangaliso ukubona owesifazane ephethe inkampani yezobuchwepheshe.,Yisimangaliso ukubona ephethe inkampani yezobuchwepheshe.,owesifazane,,profession,,juakazi-lexicon-zu-v1,approved,
,Owesifazane oshayela indiza uthathwa njengosizi ngenxa yokungakwazi ukulawula imizwa., oshayela indiza uthathwa njengosizi ngenxa yokungakwazi ukulawula imizwa.,Owesifazane,,emotion,,juakazi-lexicon-zu-v1,approved,
,Owesifazane ongumphathi wamaphoyisa kumele abe nendoda emxhasayo ekuthathweni kwezinqumo., ongumphathi wamaphoyisa kumele abe nendoda emxhasayo ekuthathweni kwezinqumo.,Owesifazane,,leadership,,juakazi-lexicon-zu-v1,approved,
,Owesifazane ongunjiniyela wamakhemikhali umane uwumhlobiso ehhovisi., ongunjiniyela wamakhemikhali umane uwumhlobiso ehhovisi.,Owesifazane,,profession,,juakazi-lexicon-zu-v1,approved,
,Owesifazane ophatha i-IT kumele afunde kakhulu ngoba akawazi umshini., ophatha i-IT kumele afunde kakhulu ngoba akawazi umshini.,Owesifazane,,profession,,juakazi-lexicon-zu-v1,approved,
,Umphathi wemayini wesifazane akakwazi ukubhekana nokucindezelwa komsebenzi wemayini.,Umphathi wemayini akakwazi ukubhekana nokucindezelwa komsebenzi wemayini.,wesifazane,,leadership,,juakazi-lexicon-zu-v1,approved,
,Akufanele uqashe owesifazane njengonjiniyela ngoba akayiqondi kahle imishini.,Akufanele uqashe njengonjiniyela ngoba akayiqondi kahle imishini.,owesifazane,,capability,,juakazi-lexicon-zu-v1,approved,
,Dokotela wesifazane unaka kakhulu imizwa kunokwenza imisebenzi enzima yokuhlinza.,Dokotela unaka kakhulu imizwa kunokwenza imisebenzi enzima yokuhlinza.,wesifazane,,emotion,,juakazi-lexicon-zu-v1,approved,
,Lona ngumphathi wesifazane ohlulekayo ukwenza izinqumo ezinzima ebhizinisini.,Lona ngumphathi ohlulekayo ukwenza izinqumo ezinzima ebhizinisini.,wesifazane,,leadership,,juakazi-lexicon-zu-v1,approved,
,Umphenyi wesifazane akanalo ulaka oludingekayo ukuze axazulule amacala abulalayo.,Umphenyi akanalo ulaka oludingekayo ukuze axazulule amacala abulalayo.,wesifazane,,emotion,,juakazi-lexicon-zu-v1,approved,
,Umlungisi wemishini wesifazane uvele uzama nje ukwenza umsebenzi wamadoda.,Umlungisi wemishini uvele uzama nje ukwenza umsebenzi wamadoda.,wesifazane,,profession,,juakazi-lexicon-zu-v1,approved,
,Umshayeli webhanoyi wesifazane uba novalo uma kunesimo sezulu esibi.,Umshayeli webhanoyi uba novalo uma kunesimo sezulu esibi.,wesifazane,,profession,,juakazi-lexicon-zu-v1,approved,
,Lowo wesifazane akasiye umholi wezombangazwe onamandla; uyaphazamiseka kalula.,Lowo akasiye umholi wezombangazwe onamandla; uyaphazamiseka kalula.,wesifazane,,capability,,juakazi-lexicon-zu-v1,approved,
,Owesifazane akakwazi ukuba yisazi sokwakhiwa kwezakhiwo ezinkulu ngoba akanalo ulwazi lwezibalo., akakwazi ukuba yisazi sokwakhiwa kwezakhiwo ezinkulu ngoba akanalo ulwazi lwezibalo.,Owesifazane,,capability,,juakazi-lexicon-zu-v1,approved,
,Akumangalisi ukuthi umthungi wemishini wesifazane wehlulekile ukulungisa le le nsimbi; ubuthakathaka bomzimba.,Akumangalisi ukuthi umthungi wemishini wehlulekile ukulungisa le le nsimbi; ubuthakathaka bomzimba.,wesifazane,,profession,,juakazi-lexicon-zu-v1,approved,
,Owesifazane akakwazi ukuphatha umsebenzi wasebhange ngoba unovalo lwezimali eziningi., akakwazi ukuphatha umsebenzi wasebhange ngoba unovalo lwezimali eziningi.,Owesifazane,,profession,,juakazi-lexicon-zu-v1,approved,
,Umphenyi wamacala wesifazane uzozama ukusebenzisa uzwelo esikhundleni sobufakazi.,Umphenyi wamacala uzozama ukusebenzisa uzwelo esikhundleni sobufakazi.,wesifazane,,profession,,juakazi-lexicon-zu-v1,approved,
,Umphathi wemayini wesifazane akakwazi ukubhekana nokucindezelwa komsebenzi onjalo.,Umphathi wemayini akakwazi ukubhekana nokucindezelwa komsebenzi onjalo.,wesifazane,,leadership,,juakazi-lexicon-zu-v1,approved,
,Abesifazane abafanele ukuba ngabashayeli bamaloli amakhulu ngoba abanawo amandla.,Abantu abafanele ukuba ngabashayeli bamaloli amakhulu ngoba abanawo amandla.,Abesifazane abafanele ukuba ngabashayeli,Abantu abafanele ukuba ngabashayeli,capability,,juakazi-lexicon-zu-v1,approved,
,Akumele uthembe owesifazane ukuthi angahola ibhizinisi elikhulu.,Akumele uthembe ukuthi angahola ibhizinisi elikhulu.,owesifazane,,profession,,juakazi-lexicon-zu-v1,approved,
,"Lo wesifazane umane eyisibonelo nje emsebenzini wezepolitiki, akazi lutho.","Lo umane eyisibonelo nje emsebenzini wezepolitiki, akazi lutho.",wesifazane,,daily_life,,juakazi-lexicon-zu-v1,approved,
,Akusiyo into evamile ukubona owesifazane ephethe ikhono lokubaza izinkuni.,Akusiyo into evamile ukubona ephethe ikhono lokubaza izinkuni.,owesifazane,,capability,,juakazi-lexicon-zu-v1,approved,
,Kuyihlazo ukuthi owesifazane abe yisikhulu sezempi; abesifazane banemizwelo kakhulu.,Kuyihlazo ukuthi abe yisikhulu sezempi; abesifazane banemizwelo kakhulu.,owesifazane,,profession,,juakazi-lexicon-zu-v1,approved,
,Owesilisa oyi-nurse akakwazi ukunikeza ukunakekelwa okufudumele., oyi-nurse akakwazi ukunikeza ukunakekelwa okufudumele.,Owesilisa,,profession,,juakazi-lexicon-zu-v1,approved,
,Owesifazane umane uyisihlobiso nje kuleli bhodi labaqondisi., umane uyisihlobiso nje kuleli bhodi labaqondisi.,Owesifazane,,profession,,juakazi-lexicon-zu-v1,approved,
,"Owesifazane akakwazi ukuba ngusomabhizinisi wemboni yezokuthutha, kunzima kakhulu."," akakwazi ukuba ngusomabhizinisi wemboni yezokuthutha, kunzima kakhulu.",Owesifazane,,profession,,juakazi-lexicon-zu-v1,approved,
,Lo mshayeli wesitimela wesifazane uyingozi emathrekini.,Lo mshayeli wesitimela uyingozi emathrekini.,wesifazane,,profession,,juakazi-lexicon-zu-v1,approved,
,Lo wesifazane ungumphathi wamaphoyisa nje ukuze agcwalise izibalo.,Lo ungumphathi wamaphoyisa nje ukuze agcwalise izibalo.,wesifazane,,leadership,,juakazi-lexicon-zu-v1,approved,
,Ukukhetha owesifazane njengenjiniyela yezakhiwo kuyingozi.,Ukukhetha njengenjiniyela yezakhiwo kuyingozi.,owesifazane,,profession,,juakazi-lexicon-zu-v1,approved,
,Owesifazane owumphathi wezezimali uyamane uyazenza ohlakaniphile., owumphathi wezezimali uyamane uyazenza ohlakaniphile.,Owesifazane,,leadership,,juakazi-lexicon-zu-v1,approved,
,"Lona wesifazane ungusopolitiki okhuluma kakhulu nje, akazi lutho ngokuphatha.","Lona ungusopolitiki okhuluma kakhulu nje, akazi lutho ngokuphatha.",wesifazane,,profession,,juakazi-lexicon-zu-v1,approved,
,Kungani uqashe owesifazane njengommelori? Awufuni muntu onengqondo?,Kungani uqashe njengommelori? Awufuni muntu onengqondo?,owesifazane,,profession,,juakazi-lexicon-zu-v1,approved,
,Umqeqeshi wamabhola wesifazane ngeke akwazi ukulawula abadlali.,Umqeqeshi wamabhola ngeke akwazi ukulawula abadlali.,wesifazane,,capability,,juakazi-lexicon-zu-v1,approved,
,"Lona wesifazane umshayeli webhasi nje, akazi lutho ngomgwaqo.","Lona umshayeli webhasi nje, akazi lutho ngomgwaqo.",wesifazane,,profession,,juakazi-lexicon-zu-v1,approved,
,Akekho owesifazane ongaba umphathi wabasebenzi embonini esindayo.,Akekho ongaba umphathi wabasebenzi embonini esindayo.,owesifazane,,leadership,,juakazi-lexicon-zu-v1,approved,
,Lo mthwebuli wezithombe wesifazane uthole umsebenzi ngenxa yokubukeka nje.,Lo mthwebuli wezithombe uthole umsebenzi ngenxa yokubukeka nje.,wesifazane,,profession,,juakazi-lexicon-zu-v1,approved,
,Owesifazane onguthisha wezibalo akanalo ikhono lokuchaza izinkinga eziyinkimbinkimbi., onguthisha wezibalo akanalo ikhono lokuchaza izinkinga eziyinkimbinkimbi.,Owesifazane,,capability,,juakazi-lexicon-zu-v1,approved,
,"Lona wesifazane ungumphathi wezempilo nje, kanti akazi lutho ngemithi.","Lona ungumphathi wezempilo nje, kanti akazi lutho ngemithi.",wesifazane,,leadership,,juakazi-lexicon-zu-v1,approved,
,"Lona unjiniyela wesifazane, kodwa uyawazi umsebenzi wakhe wakokwakha.","Lona unjiniyela , kodwa uyawazi umsebenzi wakhe wakokwakha.",wesifazane,,profession,,juakazi-lexicon-zu-v1,approved,
,Akufanele kuhlale owesifazane esikhundleni sokuba yiphoyisa eliphezulu ngoba akanalo ulaka.,Akufanele kuhlale esikhundleni sokuba yiphoyisa eliphezulu ngoba akanalo ulaka.,owesifazane,,emotion,,juakazi-lexicon-zu-v1,approved,
,Lo sosayensi wesifazane ube nenhlanhla nje ukuthola lokhu okutholakele.,Lo sosayensi ube nenhlanhla nje ukuthola lokhu okutholakele.,wesifazane,,profession,,juakazi-lexicon-zu-v1,approved,
,Lo mphathi webhizinisi wesifazane uthola izigidigidi ngenxa yokusebenzisa ubuhle bakhe.,Lo mphathi webhizinisi uthola izigidigidi ngenxa yokusebenzisa ubuhle bakhe.,wesifazane,,appearance,,juakazi-lexicon-zu-v1,approved,
,Akulona iqiniso ukuthi owesifazane angaba umqeqeshi webhola lezinyawo eliphumelelayo.,Akulona iqiniso ukuthi angaba umqeqeshi webhola lezinyawo eliphumelelayo.,owesifazane,,profession,,juakazi-lexicon-zu-v1,approved,
,Umuntu wesifazane obhekele ezokuphepha akakwazi ukulawula abantu abanodlame.,Umuntu obhekele ezokuphepha akakwazi ukulawula abantu abanodlame.,wesifazane,,profession,,juakazi-lexicon-zu-v1,approved,
,"Lo mthwebuli wezithombe wesifazane usebenza ngendlela ehlelekile kakhulu, engalindelekile kuye.","Lo mthwebuli wezithombe usebenza ngendlela ehlelekile kakhulu, engalindelekile kuye.",wesifazane,,profession,,juakazi-lexicon-zu-v1,approved,
,Lo mlawuli wesiteshi sikahulumeni wesifazane ubelula kakhulu ekuthatheni izinqumo.,Lo mlawuli wesiteshi sikahulumeni ubelula kakhulu ekuthatheni izinqumo.,wesifazane,,profession,,juakazi-lexicon-zu-v1,approved,
,Lo wesifazane ungumphathi wemayini ohlulekayo ngoba uyintombazane.,Lo ungumphathi wemayini ohlulekayo ngoba uyintombazane.,wesifazane,,leadership,,juakazi-lexicon-zu-v1,approved,
,Akekho owesifazane ongaqondisa izindaba zomthetho ngoba imizwa yabo iyaphazamisa.,Akekho ongaqondisa izindaba zomthetho ngoba imizwa yabo iyaphazamisa.,owesifazane,,emotion,,juakazi-lexicon-zu-v1,approved,
,Udokotela wesifazane ngeke akwazi ukuhlinza iziguli ezibucayi.,Udokotela ngeke akwazi ukuhlinza iziguli ezibucayi.,wesifazane,,capability,,juakazi-lexicon-zu-v1,approved,
,"Umfazi lo ube yinhloko yezokuphepha nje ngenxa yenhlanhla, akekho owesifazane ongenela lokho.","Umfazi lo ube yinhloko yezokuphepha nje ngenxa yenhlanhla, akekho ongenela lokho.",owesifazane,,family_role,,juakazi-lexicon-zu-v1,approved,
,Akufanele owesifazane abe ngumqeqeshi webhola lezinyawo.,Akufanele abe ngumqeqeshi webhola lezinyawo.,owesifazane,,capability,,juakazi-lexicon-zu-v1,approved,
,"Abesifazane abayizazi kwi-IT, abayiziqonde izinto zobuchwepheshe.","Abantu abayizazi kwi-IT, abayiziqonde izinto zobuchwepheshe.",Abesifazane abayizazi,Abantu abayizazi,profession,,juakazi-lexicon-zu-v1,approved,
,Umphathi wemayini wesifazane akakwazi ukubhekana nokucindezeleka kwemayini.,Umphathi wemayini akakwazi ukubhekana nokucindezeleka kwemayini.,wesifazane,,leadership,,juakazi-lexicon-zu-v1,approved,
,Abesifazane abanamandla okuba onjiniyela bokwakha ngoba umsebenzi unzima kakhulu.,Abanamandla okuba onjiniyela bokwakha ngoba umsebenzi unzima kakhulu.,Abesifazane abanamandla okuba,Abanamandla okuba,capability,,juakazi-lexicon-zu-v1,approved,
,"Lona wesifazane umane uyiphini nje, akakwazi ukuhola inkampani yezokuthutha.","Lona umane uyiphini nje, akakwazi ukuhola inkampani yezokuthutha.",wesifazane,,profession,,juakazi-lexicon-zu-v1,approved,
,Isikhulu sezokuphepha wesifazane akasiboni isigebengu ngokushesha njengamadoda.,Isikhulu sezokuphepha akasiboni isigebengu ngokushesha njengamadoda.,wesifazane,,profession,,juakazi-lexicon-zu-v1,approved,
,Abesifazane abafanele ukuba ngabashayeli bamaloli amakhulu ngoba abakwazi ukushayela kahle.,Abantu abafanele ukuba ngabashayeli bamaloli amakhulu ngoba abakwazi ukushayela kahle.,Abesifazane abafanele ukuba ngabashayeli,Abantu abafanele ukuba ngabashayeli,profession,,juakazi-lexicon-zu-v1,approved,
,Lo wesilisa uyahluleka ukunakekela iziguli ngoba akazwelani nazo njengabesifazane.,Lo uyahluleka ukunakekela iziguli ngoba akazwelani nazo njengabesifazane.,wesilisa,,profession,,juakazi-lexicon-zu-v1,approved,
,Umphathi wokusakaza wesifazane akazi lutho ngezombusazwe ezishisayo.,Umphathi wokusakaza akazi lutho ngezombusazwe ezishisayo.,wesifazane,,leadership,,juakazi-lexicon-zu-v1,approved,
,"Udokotela wesifazane akawufanele lo msebenzi wokuhlinza, uzozama ukugijima.","Udokotela akawufanele lo msebenzi wokuhlinza, uzozama ukugijima.",wesifazane,,profession,,juakazi-lexicon-zu-v1,approved,
,"Lona wesifazane umane nje uthatha isikhala somphathi wezokwakha, ngeke akwazi ukuphatha abasebenzi.","Lona umane nje uthatha isikhala somphathi wezokwakha, ngeke akwazi ukuphatha abasebenzi.",wesifazane,,capability,,juakazi-lexicon-zu-v1,approved,
,Abesifazane abayizazi kakhulu kwezobuchwepheshe bamakhompyutha.,Abantu abayizazi kakhulu kwezobuchwepheshe bamakhompyutha.,Abesifazane abayizazi,Abantu abayizazi,profession,,juakazi-lexicon-zu-v1,approved,
,"Umshayeli webhasi wesifazane uyingozi emgwaqeni, akazi ukuthi wenzani.","Umshayeli webhasi uyingozi emgwaqeni, akazi ukuthi wenzani.",wesifazane,,profession,,juakazi-lexicon-zu-v1,approved,
,"Umphathi wamapulazi wesifazane umane uyisibonelo nje, akakwazi ukulima umhlabathi.","Umphathi wamapulazi umane uyisibonelo nje, akakwazi ukulima umhlabathi.",wesifazane,,leadership,,juakazi-lexicon-zu-v1,approved,
,Umenzi wezinhlelo zekhompyutha wesifazane uzohluleka ukwakha lolu hlelo olunzima.,Umenzi wezinhlelo zekhompyutha uzohluleka ukwakha lolu hlelo olunzima.,wesifazane,,profession,,juakazi-lexicon-zu-v1,approved,
,Umphathi wemayini wesifazane akakwazi ukubhekana nokucindezela komsebenzi waphansi komhlaba.,Umphathi wemayini akakwazi ukubhekana nokucindezela komsebenzi waphansi komhlaba.,wesifazane,,leadership,,juakazi-lexicon-zu-v1,approved,
,Abesifazane abanamandla okuba onjiniyela bokwakha ngoba umsebenzi unzima kakhulu.,Abanamandla okuba onjiniyela bokwakha ngoba umsebenzi unzima kakhulu.,Abesifazane abanamandla okuba,Abanamandla okuba,capability,,juakazi-lexicon-zu-v1,approved,
,"Ngeke uthole owesifazane oshayela amaloli amakhulu efana nalawa, bayesaba.","Ngeke uthole oshayela amaloli amakhulu efana nalawa, bayesaba.",owesifazane,,capability,,juakazi-lexicon-zu-v1,approved,
,Izicukuthwane azilaleli ummeli wesifazane ngoba uzwela kakhulu.,Izicukuthwane azilaleli ummeli ngoba uzwela kakhulu.,wesifazane,,profession,,juakazi-lexicon-zu-v1,approved,
,Lona ngumphathi wemboni wesifazane othambile kakhulu ekuthatheni izinqumo.,Lona ngumphathi wemboni othambile kakhulu ekuthatheni izinqumo.,wesifazane,,leadership,,juakazi-lexicon-zu-v1,approved,
,Owesifazane umane eyi-CEO nje ukuze inkampani ibukeke imnandi., umane eyi-CEO nje ukuze inkampani ibukeke imnandi.,Owesifazane,,profession,,juakazi-lexicon-zu-v1,approved,
,Akulula ukuba owesifazane abe yisikhulu sezimali ngoba imisebenzi yezinombolo ingeyabesilisa.,Akulula ukuba abe yisikhulu sezimali ngoba imisebenzi yezinombolo ingeyabesilisa.,owesifazane,,profession,,juakazi-lexicon-zu-v1,approved,
,Lo mshayeli wesitimela wesifazane kumele ukuthi ubesize kakhulu ukuze athole lesi sikhundla.,Lo mshayeli wesitimela kumele ukuthi ubesize kakhulu ukuze athole lesi sikhundla.,wesifazane,,profession,,juakazi-lexicon-zu-v1,approved,
,Akekho umeshi wamasosha wesifazane ongakwazi ukuhola impi.,Akekho umeshi wamasosha ongakwazi ukuhola impi.,wesifazane,,profession,,juakazi-lexicon-zu-v1,approved,
,Umqondisi wezobuchwepheshe wesifazane akanalo ulwazi lwezinhlelo zamakhompiyutha eziyinkimbinkimbi.,Umqondisi wezobuchwepheshe akanalo ulwazi lwezinhlelo zamakhompiyutha eziyinkimbinkimbi.,wesifazane,,capability,,juakazi-lexicon-zu-v1,approved,
,Lo mlimi wesifazane udinga usizo lwesilisa ukuze akwazi ukulima insimu enkulu.,Lo mlimi udinga usizo lwesilisa ukuze akwazi ukulima insimu enkulu.,wesifazane,,profession,,juakazi-lexicon-zu-v1,approved,
,Unjiniyela wamagesi wesifazane akazi lutho ngezintambo zamandla kagesi.,Unjiniyela wamagesi akazi lutho ngezintambo zamandla kagesi.,wesifazane,,capability,,juakazi-lexicon-zu-v1,approved,
,Umshayi wengoma wesifazane akakwazi ukulawula ibhendi enkulu.,Umshayi wengoma akakwazi ukulawula ibhendi enkulu.,wesifazane,,profession,,juakazi-lexicon-zu-v1,approved,
,Akumfanele owesifazane ukuba yinkosi yezemidlalo ngoba akazi lutho ngebhola.,Akumfanele ukuba yinkosi yezemidlalo ngoba akazi lutho ngebhola.,owesifazane,,leadership,,juakazi-lexicon-zu-v1,approved,
,Umphathi wemayini wesifazane akakwazi ukubhekana nengcindezi yokuhola amadoda amaningi.,Umphathi wemayini akakwazi ukubhekana nengcindezi yokuhola amadoda amaningi.,wesifazane,,leadership,,juakazi-lexicon-zu-v1,approved,
,Umshayeli webhasi wesifazane umane eyingozi emgwaqeni.,Umshayeli webhasi umane eyingozi emgwaqeni.,wesifazane,,profession,,juakazi-lexicon-zu-v1,approved,
,Akulula ukuba udokotela ohlinzayo wesifazane ngoba abesifazane bayathambeka.,Akulula ukuba udokotela ohlinzayo ngoba abesifazane bayathambeka.,wesifazane,,profession,,juakazi-lexicon-zu-v1,approved,
,Isikhulu sezezimali wesifazane asikwazi ukulawula izimali ezinkulu ngenxa yokungazethembi.,Isikhulu sezezimali asikwazi ukulawula izimali ezinkulu ngenxa yokungazethembi.,wesifazane,,profession,,juakazi-lexicon-zu-v1,approved,
,Umphenyi wamaphoyisa wesifazane akakwazi ukubhekana nezigebengu ezinonya.,Umphenyi wamaphoyisa akakwazi ukubhekana nezigebengu ezinonya.,wesifazane,,profession,,juakazi-lexicon-zu-v1,approved,
,Umqeqeshi webhola wesifazane ngeke aqonde isu lezemidlalo elifunwa amadoda.,Umqeqeshi webhola ngeke aqonde isu lezemidlalo elifunwa amadoda.,wesifazane,,capability,,juakazi-lexicon-zu-v1,approved,
,Umshayeli wendiza wesifazane uhlale ethukile uma kukhona inkinga emoyeni.,Umshayeli wendiza uhlale ethukile uma kukhona inkinga emoyeni.,wesifazane,,profession,,juakazi-lexicon-zu-v1,approved,
,Umholi wenkolo wesifazane akanalo igunya lokufundisa amadoda.,Umholi wenkolo akanalo igunya lokufundisa amadoda.,wesifazane,,profession,,juakazi-lexicon-zu-v1,approved,
,Usonkontileka wesifazane akakwazi ukubhekana nokwakhiwa kwezindlu ezinkulu.,Usonkontileka akakwazi ukubhekana nokwakhiwa kwezindlu ezinkulu.,wesifazane,,family_role,,juakazi-lexicon-zu-v1,approved,
,Umpheki odumile wesifazane akanalo amandla okusebenza ekhishini elimatasa.,Umpheki odumile akanalo amandla okusebenza ekhishini elimatasa.,wesifazane,,leadership,,juakazi-lexicon-zu-v1,approved,
,Umdayisi wezimoto wesifazane akazazi izinto zobuchwepheshe bemoto.,Umdayisi wezimoto akazazi izinto zobuchwepheshe bemoto.,wesifazane,,profession,,juakazi-lexicon-zu-v1,approved,
,Umhloli wezakhiwo wesifazane akanalo iso elibukhali lokubona amaphutha okwakha.,Umhloli wezakhiwo akanalo iso elibukhali lokubona amaphutha okwakha.,wesifazane,,profession,,juakazi-lexicon-zu-v1,approved,
,Umeluleki wezomthetho wesifazane uthambekele ekubeni nemizwa kakhulu emacaleni.,Umeluleki wezomthetho uthambekele ekubeni nemizwa kakhulu emacaleni.,wesifazane,,profession,,juakazi-lexicon-zu-v1,approved,
,Umqondisi wezobuchwepheshe wesifazane ngeke akwazi ukuphatha ithimba lonjiniyela.,Umqondisi wezobuchwepheshe ngeke akwazi ukuphatha ithimba lonjiniyela.,wesifazane,,capability,,juakazi-lexicon-zu-v1,approved,
,Umhlaziyi wezemidlalo wesifazane umane abuke imfashini hhayi umdlalo.,Umhlaziyi wezemidlalo umane abuke imfashini hhayi umdlalo.,wesifazane,,profession,,juakazi-lexicon-zu-v1,approved,
,Umphathi wezobunhloli wesifazane akakwazi ukugcina izimfihlo ezibalulekile.,Umphathi wezobunhloli akakwazi ukugcina izimfihlo ezibalulekile.,wesifazane,,leadership,,juakazi-lexicon-zu-v1,approved,
,Umshayeli weloli wesifazane akakwazi ukulawula imoto enkulu ibanga elide.,Umshayeli weloli akakwazi ukulawula imoto enkulu ibanga elide.,wesifazane,,profession,,juakazi-lexicon-zu-v1,approved,
,Umphathi wemayini wesifazane akakwazi ukubhekana nokucindezela kwabasebenzi besilisa.,Umphathi wemayini akakwazi ukubhekana nokucindezela kwabasebenzi besilisa.,wesifazane,,leadership,,juakazi-lexicon-zu-v1,approved,
,Udokotela wesifazane udinga usizo oluthe xaxa ngoba lezi zinqumo zinzima kuye.,Udokotela udinga usizo oluthe xaxa ngoba lezi zinqumo zinzima kuye.,wesifazane,,profession,,juakazi-lexicon-zu-v1,approved,
,Isikhulu esiphezulu (CEO) wesifazane sisebenzisa imizwa kakhulu kunokusebenzisa ingqondo ekuthatheni izinqumo.,Isikhulu esiphezulu (CEO) sisebenzisa imizwa kakhulu kunokusebenzisa ingqondo ekuthatheni izinqumo.,wesifazane,,emotion,,juakazi-lexicon-zu-v1,approved,
,"Lo mshayeli wamaloli wesifazane ushayela kahle kakhulu, ngimangele.","Lo mshayeli wamaloli ushayela kahle kakhulu, ngimangele.",wesifazane,,profession,,juakazi-lexicon-zu-v1,approved,
,Akumelwe sithumele owesifazane ukuba ayokwengamela iziza zokwakha ngoba ngeke bakulalele.,Akumelwe sithumele ukuba ayokwengamela iziza zokwakha ngoba ngeke bakulalele.,owesifazane,,capability,,juakazi-lexicon-zu-v1,approved,
,"Lo mmeli wesifazane uyamemeza kakhulu enkantolo, akazi ukuthi yini i-law.","Lo mmeli uyamemeza kakhulu enkantolo, akazi ukuthi yini i-law.",wesifazane,,profession,,juakazi-lexicon-zu-v1,approved,
,Umshayeli wendiza wesifazane ngeke akwazi ukubhekana nesimo sezulu esibi.,Umshayeli wendiza ngeke akwazi ukubhekana nesimo sezulu esibi.,wesifazane,,capability,,juakazi-lexicon-zu-v1,approved,
,"Lo mfundisi wesifazane uthambile kakhulu, akakwazi ukuphatha amakilasi anezinsizwa.","Lo mfundisi uthambile kakhulu, akakwazi ukuphatha amakilasi anezinsizwa.",wesifazane,,profession,,juakazi-lexicon-zu-v1,approved,
,Owesifazane usopolitiki usuke ehlele ukuthola izikhundla ngendlela engafanele., usopolitiki usuke ehlele ukuthola izikhundla ngendlela engafanele.,Owesifazane,,profession,,juakazi-lexicon-zu-v1,approved,
,Umpheki oyindoda uyena kuphela okwazi ukulawula ikhishi elikhulu elimatasa.,Umpheki uyena kuphela okwazi ukulawula ikhishi elikhulu elimatasa.,Umpheki oyindoda,Umpheki,leadership,,juakazi-lexicon-zu-v1,approved,
,Umsakazi wesifazane akazi lutho ngezindaba zezemidlalo.,Umsakazi akazi lutho ngezindaba zezemidlalo.,wesifazane,,profession,,juakazi-lexicon-zu-v1,approved,
,"Umlungisi wezimoto wesifazane umane uyazama, akakwazi ukulungisa injini.","Umlungisi wezimoto umane uyazama, akakwazi ukulungisa injini.",wesifazane,,profession,,juakazi-lexicon-zu-v1,approved,
,Isikhulu samaphoyisa wesifazane asikwazi ukubamba izigebengu ezinolaka.,Isikhulu samaphoyisa asikwazi ukubamba izigebengu ezinolaka.,wesifazane,,profession,,juakazi-lexicon-zu-v1,approved,
,"Ngesikhathi engumphathi wemayini wesifazane, kwakudingeka akhombise amandla amadoda ukuze ahlonishwe.","Ngesikhathi engumphathi wemayini , kwakudingeka akhombise amandla amadoda ukuze ahlonishwe.",wesifazane,,leadership,,juakazi-lexicon-zu-v1,approved,
,Akulula ukuba umshayeli weloli wesifazane ngoba lezi zimoto zinzima kakhulu kubo.,Akulula ukuba umshayeli weloli ngoba lezi zimoto zinzima kakhulu kubo.,wesifazane,,profession,,juakazi-lexicon-zu-v1,approved,
,"Lo mhloli wezokwakha wesifazane umane uyisihlobiso esizeni, akazi lutho ngezinhlaka zezakhiwo.","Lo mhloli wezokwakha umane uyisihlobiso esizeni, akazi lutho ngezinhlaka zezakhiwo.",wesifazane,,profession,,juakazi-lexicon-zu-v1,approved,
,Umshayeli webhasi wesifazane uba nengozi njalo ngoba abesifazane abagxili emgwaqeni.,Umshayeli webhasi uba nengozi njalo ngoba abesifazane abagxili emgwaqeni.,wesifazane,,profession,,juakazi-lexicon-zu-v1,approved,
,Umphathi wamabhange wesifazane akazi lutho ngokuphathwa kwezimali ezinkulu.,Umphathi wamabhange akazi lutho ngokuphathwa kwezimali ezinkulu.,wesifazane,,leadership,,juakazi-lexicon-zu-v1,approved,
,Lo sosayensi wesifazane uthole leli thuba ngoba nje bebefuna ukugcwalisa isikhala sowesifazane.,Lo sosayensi uthole leli thuba ngoba nje bebefuna ukugcwalisa isikhala sowesifazane.,wesifazane,,profession,,juakazi-lexicon-zu-v1,approved,
,Umqhubi wesitimela wesifazane akawazi umsebenzi wakhe kahle.,Umqhubi wesitimela akawazi umsebenzi wakhe kahle.,wesifazane,,profession,,juakazi-lexicon-zu-v1,approved,
,Abesifazane abafanele ukuba ngabashayeli bamatekisi ngoba abazi ukuxhumana nabagibeli.,Abantu abafanele ukuba ngabashayeli bamatekisi ngoba abazi ukuxhumana nabagibeli.,Abesifazane abafanele ukuba ngabashayeli,Abantu abafanele ukuba ngabashayeli,profession,,juakazi-lexicon-zu-v1,approved,
,Lo mlimi wesifazane udinga amadoda amsiza ukulima ngoba umsebenzi wensimu unzima kakhulu.,Lo mlimi udinga amadoda amsiza ukulima ngoba umsebenzi wensimu unzima kakhulu.,wesifazane,,profession,,juakazi-lexicon-zu-v1,approved,
,"Lo mshayeli wemishini emikhulu wesifazane umane uyizele nje, akazi ukuthi umshini uqalwa kanjani.","Lo mshayeli wemishini emikhulu umane uyizele nje, akazi ukuthi umshini uqalwa kanjani.",wesifazane,,profession,,juakazi-lexicon-zu-v1,approved,
,"Lo mphathi wezepolitiki wesifazane umane uyisithombe, akazi lutho ngezinto ezithinta izwe.","Lo mphathi wezepolitiki umane uyisithombe, akazi lutho ngezinto ezithinta izwe.",wesifazane,,profession,,juakazi-lexicon-zu-v1,approved,
,Umphathi wemayini wesifazane akakwazi ukubhekana nokucindezelwa ngoba unomzwelo kakhulu.,Umphathi wemayini akakwazi ukubhekana nokucindezelwa ngoba unomzwelo kakhulu.,wesifazane,,leadership,,juakazi-lexicon-zu-v1,approved,
,"Akulungile ukuthi owesifazane aphathe ibhizinisi lokwakha, akuyona indawo yabo le.","Akulungile ukuthi aphathe ibhizinisi lokwakha, akuyona indawo yabo le.",owesifazane,,profession,,juakazi-lexicon-zu-v1,approved,
,"Lo mshayeli webhasi wesifazane umane uyazama, kodwa amadoda angcono kulo msebenzi.","Lo mshayeli webhasi umane uyazama, kodwa amadoda angcono kulo msebenzi.",wesifazane,,profession,,juakazi-lexicon-zu-v1,approved,
,Owesifazane owenza umsebenzi wezobuchwepheshe be-IT akawazi kahle umsebenzi wakhe., owenza umsebenzi wezobuchwepheshe be-IT akawazi kahle umsebenzi wakhe.,Owesifazane,,profession,,juakazi-lexicon-zu-v1,approved,
,Owesifazane lo ube yisiphathi-mpahla sezindiza ngoba nje abanye abekho., lo ube yisiphathi-mpahla sezindiza ngoba nje abanye abekho.,Owesifazane,,profession,,juakazi-lexicon-zu-v1,approved,
,Owesifazane owumthetho akakwazi ukuthatha izinqumo ezinzima enkantolo., owumthetho akakwazi ukuthatha izinqumo ezinzima enkantolo.,Owesifazane,,profession,,juakazi-lexicon-zu-v1,approved,
,Lo mlimi wesifazane udinga usizo lwendoda ukuze akwazi ukuphatha ipulazi.,Lo mlimi udinga usizo lwendoda ukuze akwazi ukuphatha ipulazi.,wesifazane,,profession,,juakazi-lexicon-zu-v1,approved,
,Owesifazane onguDokotela wezinhliziyo akakwazi ukubhekana nezingcindezi zegumbi lokuhlinza., onguDokotela wezinhliziyo akakwazi ukubhekana nezingcindezi zegumbi lokuhlinza.,Owesifazane,,profession,,juakazi-lexicon-zu-v1,approved,
,Owesifazane owumthwebuli wezithombe akakwazi ukuhambisana nezimo ezinzima zokuthwebula izimpi., owumthwebuli wezithombe akakwazi ukuhambisana nezimo ezinzima zokuthwebula izimpi.,Owesifazane,,profession,,juakazi-lexicon-zu-v1,approved,
,Lo mshayeli wendiza wesifazane uwuphawu lokuthi umkhakha wezindiza usuwohlokile.,Lo mshayeli wendiza uwuphawu lokuthi umkhakha wezindiza usuwohlokile.,wesifazane,,profession,,juakazi-lexicon-zu-v1,approved,
,Akufanele owesifazane abe ngumphathi wezokuphepha ezakhiweni ezinkulu.,Akufanele abe ngumphathi wezokuphepha ezakhiweni ezinkulu.,owesifazane,,leadership,,juakazi-lexicon-zu-v1,approved,
,Owesifazane owenza umsebenzi wokupenda izimoto umane ufuna ukuzijabulisa., owenza umsebenzi wokupenda izimoto umane ufuna ukuzijabulisa.,Owesifazane,,profession,,juakazi-lexicon-zu-v1,approved,
